isolate_id,mutation
601495,RT:K65R
601495,RT:D67E
601495,RT:D67G
601495,RT:D67N
601499,IN:E92G
601499,IN:E92Q
601499,IN:G118R
601499,IN:F121Y
601523,IN:G118R
601523,IN:F121Y
601565,IN:G118R
601565,IN:F121Y
601565,IN:E138A
601565,IN:E138K
601565,IN:E138T
601565,IN:G140A
601565,IN:G140C
601565,IN:G140S
601565,IN:Y143C
601565,IN:Y143H
601565,IN:Y143R
601565,IN:Y143S
601565,IN:S147G
601565,IN:Q148H
601565,IN:Q148K
601565,IN:Q148R
601565,IN:N155H
601571,IN:S147G
601571,IN:Q148H
601571,IN:Q148K
601571,IN:Q148R
601582,RT:K65R
601582,RT:D67E
601582,RT:D67G
601582,RT:D67N
601582,RT:T69D
601582,RT:K70E
601582,RT:K70R
601582,RT:L74I
601582,RT:L74V
601582,RT:V75A
601582,RT:V75M
601582,RT:V75S
601582,RT:V75T
601582,RT:F77L
601583,IN:E92G
601583,IN:E92Q
601583,IN:G118R
601583,IN:F121Y
601583,IN:E138A
601583,IN:E138K
601583,IN:E138T
601583,IN:G140A
601583,IN:G140C
601583,IN:G140S
601583,IN:Y143C
601583,IN:Y143H
601583,IN:Y143R
601583,IN:Y143S
601583,IN:S147G
601583,IN:Q148H
601583,IN:Q148K
601583,IN:Q148R
601583,IN:S230R
601619,IN:E92G
601619,IN:E92Q
601619,IN:E138A
601619,IN:E138K
601619,IN:E138T
601619,IN:G140A
601619,IN:G140C
601619,IN:G140S
601619,IN:Y143C
601619,IN:Y143H
601619,IN:Y143R
601619,IN:Y143S
601619,IN:S147G
601619,IN:Q148H
601619,IN:Q148K
601619,IN:Q148R
601627,RT:V179F
601627,RT:Y181C
601627,RT:Y181I
601627,RT:Y181V
601627,RT:M184I
601627,RT:M184V
601628,IN:E92G
601628,IN:E92Q
601628,IN:G118R
601628,IN:F121Y
601628,IN:E138A
601628,IN:E138K
601628,IN:E138T
601628,IN:G140A
601628,IN:G140C
601628,IN:G140S
601638,PR:L90M
601639,RT:M41L
601639,RT:V179F
601639,RT:Y181C
601639,RT:Y181I
601639,RT:Y181V
601639,RT:M184I
601639,RT:M184V
601639,RT:Y188C
601639,RT:Y188H
601639,RT:Y188L
601639,RT:G190A
601639,RT:G190E
601639,RT:G190S
601639,RT:L210W
601639,RT:K219E
601639,RT:K219N
601639,RT:K219Q
601639,RT:K219R
601639,RT:P225H
601639,RT:M230L
601640,IN:T66A
601640,IN:T66I
601640,IN:T66K
601640,IN:E92G
601640,IN:E92Q
601640,IN:G118R
601640,IN:F121Y
601651,RT:V179F
601661,IN:S230R
601664,IN:G118R
601664,IN:F121Y
601670,IN:S230R
601671,PR:L24I
601718,IN:G118R
601718,IN:F121Y
601718,IN:N155H
601718,IN:S230R
601719,PR:L23I
601720,RT:M41L
601720,RT:L100I
601720,RT:V179F
601720,RT:Y181C
601720,RT:Y181I
601720,RT:Y181V
601720,RT:M184I
601720,RT:M184V
601720,RT:Y188C
601720,RT:Y188H
601720,RT:Y188L
601720,RT:G190A
601720,RT:G190E
601720,RT:G190S
601723,IN:G118R
601723,IN:F121Y
601735,IN:T66A
601735,IN:T66I
601735,IN:T66K
601735,IN:E92G
601735,IN:E92Q
601735,IN:G118R
601735,IN:F121Y
601735,IN:E138A
601735,IN:E138K
601735,IN:E138T
601735,IN:G140A
601735,IN:G140C
601735,IN:G140S
601735,IN:Y143C
601735,IN:Y143H
601735,IN:Y143R
601735,IN:Y143S
601735,IN:S147G
601735,IN:Q148H
601735,IN:Q148K
601735,IN:Q148R
601735,IN:S230R
601765,IN:T66A
601765,IN:T66I
601765,IN:T66K
601765,IN:S230R
601786,IN:S230R
601800,RT:L74I
601800,RT:L74V
601800,RT:V75A
601800,RT:V75M
601800,RT:V75S
601800,RT:V75T
601800,RT:F77L
601800,RT:V179F
601800,RT:Y181C
601800,RT:Y181I
601800,RT:Y181V
601800,RT:M184I
601800,RT:M184V
601800,RT:Y188C
601800,RT:Y188H
601800,RT:Y188L
601800,RT:G190A
601800,RT:G190E
601800,RT:G190S
601801,IN:T66A
601801,IN:T66I
601801,IN:T66K
601801,IN:E92G
601801,IN:E92Q
601801,IN:G118R
601801,IN:N155H
601833,RT:L100I
601833,RT:K101E
601833,RT:K101P
601833,RT:K103N
601833,RT:K103S
601833,RT:V106A
601833,RT:V106M
601834,IN:E92G
601834,IN:E92Q
601834,IN:G118R
601834,IN:F121Y
601834,IN:E138A
601834,IN:E138K
601834,IN:E138T
601834,IN:G140A
601834,IN:G140C
601834,IN:G140S
601834,IN:Y143C
601834,IN:Y143H
601834,IN:Y143R
601834,IN:Y143S
601834,IN:S147G
601834,IN:Q148H
601834,IN:Q148K
601834,IN:Q148R
601834,IN:N155H
601836,RT:F77L
601836,RT:L100I
601836,RT:K101E
601836,RT:K101P
601836,RT:K103N
601836,RT:K103S
601836,RT:V106A
601836,RT:V106M
601836,RT:V179F
601836,RT:Y181C
601836,RT:Y181I
601836,RT:Y181V
601836,RT:M184I
601836,RT:M184V
601836,RT:Y188C
601836,RT:Y188H
601836,RT:Y188L
601836,RT:G190A
601836,RT:G190E
601836,RT:G190S
601945,IN:E92Q
601945,IN:G118R
601945,IN:F121Y
601957,IN:E92G
601957,IN:E92Q
601963,IN:E138A
601963,IN:E138K
601963,IN:E138T
601963,IN:G140A
601963,IN:G140C
601963,IN:G140S
601963,IN:Y143C
601963,IN:Y143H
601963,IN:Y143R
601963,IN:Y143S
601963,IN:S147G
601963,IN:Q148H
601963,IN:Q148K
601963,IN:Q148R
601963,IN:N155H
601966,IN:E92G
601966,IN:E92Q
601978,IN:E138A
601978,IN:E138K
601978,IN:E138T
601978,IN:G140A
601978,IN:G140C
601978,IN:G140S
601978,IN:Y143C
601978,IN:Y143H
601978,IN:Y143R
601978,IN:Y143S
601978,IN:S147G
601978,IN:Q148H
601978,IN:Q148K
601978,IN:Q148R
601978,IN:N155H
601996,IN:E92G
601996,IN:E92Q
601996,IN:G118R
601996,IN:F121Y
601996,IN:E138A
601996,IN:E138K
601996,IN:E138T
601996,IN:G140A
601996,IN:G140C
601996,IN:G140S
602019,RT:Y115F
602019,RT:F116Y
602019,RT:L210W
602019,RT:K219E
602019,RT:K219N
602019,RT:K219Q
602019,RT:K219R
602053,IN:G118R
602053,IN:F121Y
602053,IN:S230R
602089,IN:T66A
602089,IN:T66I
602089,IN:T66K
602089,IN:E138A
602089,IN:E138K
602089,IN:E138T
602089,IN:G140A
602089,IN:G140C
602089,IN:G140S
602089,IN:Y143C
602089,IN:Y143H
602089,IN:Y143R
602089,IN:Y143S
602089,IN:S147G
602089,IN:Q148H
602089,IN:Q148K
602089,IN:Q148R
602089,IN:N155H
602101,IN:E138A
602101,IN:E138K
602101,IN:E138T
602101,IN:G140A
602101,IN:G140C
602101,IN:G140S
602101,IN:Y143C
602101,IN:Y143H
602101,IN:Y143R
602101,IN:Y143S
602101,IN:S147G
602101,IN:Q148H
602101,IN:Q148K
602101,IN:Q148R
602101,IN:S230R
602112,RT:M41L
602113,IN:S230R
602166,IN:T66A
602166,IN:T66I
602166,IN:T66K
602166,IN:E92G
602166,IN:E92Q
602166,IN:G118R
602166,IN:F121Y
602166,IN:E138A
602166,IN:E138K
602166,IN:E138T
602166,IN:G140A
602166,IN:G140C
602166,IN:G140S
602166,IN:Y143C
602166,IN:Y143H
602166,IN:Y143R
602166,IN:Y143S
602166,IN:S147G
602166,IN:Q148H
602166,IN:Q148K
602166,IN:Q148R
602166,IN:N155H
602169,IN:E92G
602169,IN:E92Q
602169,IN:G118R
602169,IN:F121Y
602169,IN:E138A
602169,IN:E138K
602169,IN:E138T
602169,IN:G140A
602169,IN:G140C
602169,IN:G140S
602169,IN:Y143C
602169,IN:Y143H
602169,IN:Y143R
602169,IN:Y143S
602169,IN:S147G
602169,IN:Q148H
602169,IN:Q148K
602169,IN:Q148R
602169,IN:N155H
602172,IN:F121Y
602177,RT:L74I
602177,RT:L74V
602177,RT:V75A
602177,RT:V75M
602177,RT:V75S
602177,RT:V75T
602177,RT:F77L
602182,RT:Y115F
602182,RT:F116Y
602182,RT:V179F
602182,RT:Y181C
602182,RT:Y181I
602182,RT:Y181V
602182,RT:M184I
602182,RT:M184V
602183,IN:E92G
602183,IN:E92Q
602183,IN:G118R
602183,IN:F121Y
602183,IN:E138A
602183,IN:E138K
602183,IN:E138T
602183,IN:G140A
602183,IN:G140C
602183,IN:G140S
602183,IN:Y143C
602183,IN:Y143H
602183,IN:Y143R
602183,IN:Y143S
602183,IN:S147G
602183,IN:Q148H
602183,IN:Q148K
602183,IN:Q148R
602183,IN:N155H
602201,IN:E138A
602201,IN:E138K
602201,IN:E138T
602201,IN:G140A
602201,IN:G140C
602201,IN:G140S
602201,IN:Y143C
602201,IN:Y143H
602201,IN:Y143R
602201,IN:Y143S
602201,IN:S147G
602201,IN:Q148H
602201,IN:Q148K
602201,IN:Q148R
602201,IN:S230R
602210,IN:T66A
602210,IN:T66I
602210,IN:T66K
602210,IN:S230R
602225,IN:G118R
602225,IN:F121Y
602230,RT:M41L
602230,RT:K65R
602230,RT:D67E
602230,RT:D67G
602230,RT:D67N
602230,RT:T69D
602230,RT:K70E
602230,RT:K70R
602230,RT:L74I
602230,RT:L74V
602231,IN:E92G
602231,IN:E92Q
602231,IN:E138A
602231,IN:E138K
602231,IN:E138T
602231,IN:G140A
602231,IN:G140C
602231,IN:G140S
602231,IN:Y143C
602231,IN:Y143H
602231,IN:Y143R
602231,IN:Y143S
602231,IN:S147G
602231,IN:Q148H
602231,IN:Q148K
602231,IN:Q148R
602231,IN:N155H
602231,IN:S230R
602237,IN:E92G
602237,IN:E138A
602237,IN:E138K
602237,IN:E138T
602237,IN:G140A
602237,IN:G140C
602237,IN:G140S
602237,IN:Y143C
602237,IN:Y143H
602237,IN:Y143R
602237,IN:Y143S
602237,IN:S147G
602237,IN:Q148H
602237,IN:Q148K
602237,IN:Q148R
602250,PR:V82F
602250,PR:V82L
602266,RT:K65R
602266,RT:D67E
602266,RT:D67G
602266,RT:D67N
602266,RT:T69D
602267,IN:S230R
602287,RT:V179F
602287,RT:Y181C
602287,RT:Y181I
602287,RT:Y181V
602287,RT:K219E
602287,RT:K219N
602287,RT:K219Q
602287,RT:K219R
602287,RT:P225H
602287,RT:M230L
602288,IN:T66A
602288,IN:T66I
602288,IN:T66K
602288,IN:G118R
602288,IN:F121Y
602288,IN:E138A
602288,IN:E138K
602288,IN:E138T
602288,IN:G140A
602288,IN:G140C
602288,IN:G140S
602288,IN:Y143C
602288,IN:Y143H
602288,IN:Y143R
602288,IN:Y143S
602288,IN:S147G
602288,IN:Q148H
602288,IN:Q148K
602288,IN:Q148R
602348,IN:G118R
602348,IN:F121Y
602348,IN:S147G
602348,IN:Q148H
602348,IN:Q148K
602348,IN:Q148R
602348,IN:N155H
602365,RT:L210W
602365,RT:K219E
602365,RT:K219N
602365,RT:K219Q
602365,RT:K219R
602365,RT:P225H
602366,IN:G118R
602366,IN:F121Y
602366,IN:S230R
602405,IN:E138A
602405,IN:E138K
602405,IN:E138T
602413,RT:K65R
602413,RT:D67E
602413,RT:D67G
602413,RT:D67N
602413,RT:T69D
602413,RT:K70E
602413,RT:K70R
602413,RT:V106A
602413,RT:V106M
602413,RT:V179F
602413,RT:Y181C
602413,RT:Y181I
602413,RT:Y181V
602413,RT:M184I
602413,RT:M184V
602413,RT:Y188C
602413,RT:Y188H
602413,RT:Y188L
602413,RT:G190A
602413,RT:G190E
602413,RT:G190S
602413,RT:L210W
602413,RT:K219E
602413,RT:K219N
602413,RT:K219Q
602413,RT:K219R
602413,RT:P225H
602413,RT:M230L
602414,IN:G118R
602414,IN:F121Y
602414,IN:E138A
602414,IN:E138K
602414,IN:E138T
602414,IN:G140A
602414,IN:G140C
602414,IN:G140S
602414,IN:Y143C
602414,IN:Y143H
602414,IN:Y143R
602414,IN:Y143S
602414,IN:S147G
602414,IN:Q148H
602414,IN:Q148K
602414,IN:Q148R
602414,IN:N155H
602420,IN:T66A
602420,IN:T66I
602420,IN:T66K
602438,IN:E138A
602438,IN:E138K
602438,IN:E138T
602438,IN:G140A
602438,IN:G140C
602438,IN:G140S
602438,IN:Y143C
602438,IN:Y143H
602438,IN:Y143R
602438,IN:Y143S
602438,IN:S147G
602438,IN:Q148H
602438,IN:Q148K
602438,IN:Q148R
602438,IN:N155H
602453,IN:T66A
602453,IN:T66I
602453,IN:T66K
602453,IN:G118R
602453,IN:F121Y
602456,IN:G118R
602456,IN:F121Y
602456,IN:E138A
602456,IN:E138K
602456,IN:E138T
602467,RT:Y115F
602467,RT:F116Y
602468,IN:N155H
602474,IN:E92G
602474,IN:G118R
602474,IN:F121Y
602474,IN:N155H
602492,IN:S147G
602492,IN:Q148H
602492,IN:Q148K
602492,IN:Q148R
602492,IN:N155H
602504,IN:F121Y
602504,IN:E138A
602504,IN:E138K
602504,IN:E138T
602504,IN:G140A
602504,IN:G140C
602504,IN:G140S
602504,IN:Y143C
602504,IN:Y143H
602504,IN:Y143R
602504,IN:Y143S
602504,IN:S147G
602504,IN:Q148H
602504,IN:Q148K
602504,IN:Q148R
602504,IN:N155H
602504,IN:S230R
602528,IN:G118R
602528,IN:F121Y
602528,IN:E138A
602528,IN:E138K
602528,IN:E138T
602528,IN:G140A
602528,IN:G140C
602528,IN:G140S
602534,IN:T66A
602534,IN:T66I
602534,IN:T66K
602534,IN:E92G
602534,IN:E92Q
602534,IN:G118R
602534,IN:F121Y
602534,IN:E138A
602534,IN:E138K
602534,IN:E138T
602534,IN:G140A
602534,IN:G140C
602534,IN:G140S
602534,IN:Y143C
602534,IN:Y143H
602534,IN:Y143R
602534,IN:Y143S
602534,IN:S147G
602534,IN:Q148H
602534,IN:Q148K
602534,IN:Q148R
602534,IN:N155H
602546,IN:E138A
602546,IN:E138K
602546,IN:E138T
602546,IN:G140A
602546,IN:G140C
602546,IN:G140S
602546,IN:Y143C
602546,IN:Y143H
602546,IN:Y143R
602546,IN:Y143S
602546,IN:S147G
602546,IN:Q148H
602546,IN:Q148K
602546,IN:Q148R
602546,IN:N155H
602558,IN:E92G
602558,IN:E92Q
602558,IN:E138A
602558,IN:E138K
602558,IN:E138T
602558,IN:G140A
602558,IN:G140C
602558,IN:G140S
602558,IN:Y143C
602558,IN:Y143H
602558,IN:Y143R
602558,IN:Y143S
602558,IN:S147G
602588,IN:T66A
602588,IN:T66I
602588,IN:T66K
602588,IN:G118R
602588,IN:F121Y
602588,IN:E138A
602588,IN:E138K
602588,IN:E138T
602588,IN:G140A
602588,IN:G140C
602588,IN:G140S
602588,IN:Y143C
602588,IN:Y143H
602588,IN:Y143R
602588,IN:Y143S
602588,IN:S147G
602588,IN:Q148H
602588,IN:Q148K
602588,IN:Q148R
602588,IN:N155H
602588,IN:S230R
602663,IN:G118R
602663,IN:F121Y
602663,IN:E138A
602663,IN:E138K
602663,IN:E138T
602663,IN:G140A
602663,IN:G140C
602663,IN:G140S
602663,IN:Y143C
602663,IN:Y143H
602663,IN:Y143R
602663,IN:Y143S
602663,IN:S147G
602663,IN:Q148H
602663,IN:Q148K
602663,IN:Q148R
602663,IN:N155H
602687,IN:F121Y
602687,IN:E138A
602687,IN:E138K
602687,IN:E138T
602687,IN:G140A
602687,IN:G140C
602687,IN:G140S
602687,IN:Y143C
602687,IN:Y143H
602687,IN:Y143R
602687,IN:Y143S
602776,RT:L210W
602777,IN:S230R
602792,IN:T66A
602792,IN:T66I
602792,IN:T66K
602792,IN:E92G
602792,IN:E92Q
602792,IN:G118R
602792,IN:F121Y
602815,RT:G190E
602858,IN:E138A
602858,IN:E138K
602858,IN:E138T
602858,IN:G140A
602858,IN:G140C
602858,IN:G140S
602858,IN:Y143C
602858,IN:Y143H
602858,IN:Y143R
602858,IN:Y143S
602858,IN:S147G
602858,IN:Q148H
602858,IN:Q148K
602858,IN:Q148R
602858,IN:N155H
602863,RT:K65R
602863,RT:D67E
602863,RT:D67G
602863,RT:D67N
602863,RT:V179F
602863,RT:Y181C
602863,RT:Y181I
602863,RT:Y181V
602863,RT:M184I
602863,RT:M184V
602863,RT:Y188C
602863,RT:Y188H
602863,RT:Y188L
602863,RT:G190A
602863,RT:G190E
602863,RT:G190S
602864,IN:E138A
602864,IN:E138K
602864,IN:E138T
602864,IN:G140A
602864,IN:G140C
602864,IN:G140S
602864,IN:Y143C
602864,IN:Y143H
602864,IN:Y143R
602864,IN:Y143S
602864,IN:S147G
602864,IN:Q148H
602864,IN:Q148K
602864,IN:Q148R
602864,IN:N155H
602882,IN:E92G
602882,IN:E92Q
602882,IN:S147G
602882,IN:Q148H
602882,IN:Q148K
602882,IN:Q148R
602882,IN:N155H
602882,IN:S230R
602897,IN:E92Q
602897,IN:F121Y
602924,IN:F121Y
602930,IN:F121Y
602955,RT:K65R
602955,RT:D67E
602955,RT:D67G
602955,RT:D67N
602965,IN:S230R
602968,IN:T66A
602968,IN:T66I
602968,IN:T66K
602968,IN:G118R
602968,IN:F121Y
602968,IN:S230R
602980,IN:S147G
602980,IN:Q148H
602980,IN:Q148K
602980,IN:Q148R
602986,IN:F121Y
602986,IN:E138A
602986,IN:E138K
602986,IN:E138T
602986,IN:G140A
602986,IN:G140C
602986,IN:G140S
602986,IN:Y143C
602986,IN:Y143H
602986,IN:Y143R
602986,IN:Y143S
602986,IN:S147G
602986,IN:Q148K
603034,IN:T66A
603034,IN:T66I
603034,IN:T66K
603034,IN:E92G
603034,IN:E92Q
603034,IN:G118R
603034,IN:F121Y
603034,IN:E138A
603034,IN:E138K
603034,IN:E138T
603034,IN:G140A
603034,IN:G140C
603034,IN:G140S
603034,IN:Y143C
603034,IN:Y143H
603034,IN:Y143R
603034,IN:Y143S
603034,IN:S230R
603037,IN:Y143H
603070,IN:E92G
603070,IN:E92Q
603070,IN:E138A
603070,IN:E138K
603070,IN:E138T
603070,IN:G140A
603070,IN:G140C
603070,IN:G140S
603070,IN:Y143C
603070,IN:Y143H
603070,IN:Y143R
603070,IN:Y143S
603070,IN:S147G
603070,IN:Q148H
603070,IN:Q148K
603070,IN:Q148R
603070,IN:N155H
603094,IN:F121Y
603156,RT:L210W
603157,IN:T66A
603157,IN:T66I
603157,IN:T66K
603157,IN:E92G
603157,IN:E92Q
603157,IN:G118R
603157,IN:F121Y
603178,IN:F121Y
603178,IN:E138A
603178,IN:E138K
603178,IN:E138T
603178,IN:G140A
603178,IN:G140C
603178,IN:G140S
603181,IN:G118R
603181,IN:F121Y
603181,IN:E138A
603181,IN:E138K
603181,IN:E138T
603181,IN:G140A
603181,IN:G140C
603181,IN:G140S
603181,IN:Y143C
603181,IN:Y143H
603181,IN:Y143R
603181,IN:Y143S
603181,IN:S147G
603181,IN:Q148H
603181,IN:Q148K
603181,IN:Q148R
603187,IN:E92G
603187,IN:E92Q
603187,IN:N155H
603187,IN:S230R
603211,IN:G118R
603211,IN:F121Y
603211,IN:E138A
603211,IN:E138K
603211,IN:E138T
603211,IN:G140A
603211,IN:G140C
603211,IN:G140S
603211,IN:Y143C
603211,IN:Y143H
603211,IN:Y143R
603211,IN:Y143S
603211,IN:S147G
603211,IN:Q148H
603211,IN:Q148K
603211,IN:Q148R
603211,IN:N155H
603214,IN:T66A
603214,IN:T66I
603214,IN:T66K
603231,RT:Y115F
603231,RT:F116Y
603232,IN:S230R
603265,IN:E92G
603265,IN:E92Q
603265,IN:Q148H
603265,IN:S230R
603267,RT:L210W
603267,RT:T215D
603286,IN:T66A
603286,IN:T66I
603286,IN:T66K
603286,IN:S147G
603286,IN:Q148H
603286,IN:Q148K
603286,IN:Q148R
603286,IN:N155H
603303,RT:L74I
603303,RT:L74V
603303,RT:V75A
603303,RT:V75M
603303,RT:V75S
603303,RT:V75T
603303,RT:F77L
603304,IN:Y143C
603304,IN:Y143H
603304,IN:Y143R
603304,IN:Y143S
603304,IN:S147G
603304,IN:Q148H
603304,IN:Q148K
603304,IN:Q148R
603304,IN:N155H
603304,IN:S230R
603304,IN:R263K
603324,RT:K65R
603324,RT:D67E
603324,RT:D67G
603324,RT:D67N
603324,RT:T69D
603324,RT:K70E
603324,RT:K70R
603324,RT:L100I
603324,RT:K101E
603324,RT:K101P
603324,RT:K103N
603324,RT:K103S
603324,RT:V106A
603324,RT:V106M
603324,RT:Q151M
603324,RT:L210W
603324,RT:K219E
603324,RT:K219N
603324,RT:K219Q
603324,RT:K219R
603324,RT:P225H
603324,RT:M230L
603327,IN:T66A
603327,IN:T66I
603327,IN:T66K
603327,IN:E92G
603327,IN:E92Q
603327,IN:G118R
603327,IN:F121Y
603327,IN:E138A
603327,IN:E138K
603327,IN:E138T
603327,IN:G140A
603327,IN:G140C
603327,IN:G140S
603327,IN:Y143C
603327,IN:Y143H
603327,IN:Y143R
603327,IN:Y143S
603327,IN:S147G
603327,IN:Q148H
603327,IN:Q148K
603327,IN:Q148R
603327,IN:N155H
603333,IN:G118R
603333,IN:F121Y
603333,IN:E138A
603333,IN:E138K
603333,IN:E138T
603333,IN:G140A
603333,IN:G140C
603333,IN:G140S
603333,IN:Y143C
603333,IN:Y143H
603333,IN:Y143R
603333,IN:Y143S
603333,IN:S147G
603333,IN:Q148H
603333,IN:Q148K
603333,IN:Q148R
603333,IN:N155H
603342,IN:T66A
603362,RT:L100I
603362,RT:K101E
603362,RT:K101P
603362,RT:K103N
603362,RT:K103S
603362,RT:V106A
603362,RT:V106M
603362,RT:Q151M
603363,IN:T66A
603363,IN:T66I
603363,IN:T66K
603363,IN:G118R
603363,IN:F121Y
603363,IN:E138A
603363,IN:E138K
603363,IN:E138T
603363,IN:G140A
603363,IN:G140C
603363,IN:G140S
603363,IN:Y143C
603363,IN:Y143H
603363,IN:Y143R
603363,IN:Y143S
603363,IN:S147G
603363,IN:Q148H
603363,IN:Q148K
603363,IN:Q148R
603363,IN:N155H
603380,IN:G118R
603380,IN:F121Y
603380,IN:S147G
603380,IN:Q148H
603380,IN:Q148K
603380,IN:Q148R
603380,IN:N155H
603386,IN:G118R
603386,IN:F121Y
603386,IN:N155H
603386,IN:S230R
603406,RT:M41L
603407,IN:T66A
603407,IN:T66I
603407,IN:T66K
603407,IN:E92G
603407,IN:E92Q
603407,IN:G118R
603407,IN:F121Y
603407,IN:E138A
603407,IN:E138K
603407,IN:E138T
603407,IN:G140A
603407,IN:G140C
603407,IN:G140S
603467,IN:T66A
603467,IN:T66I
603467,IN:T66K
603467,IN:E138A
603467,IN:E138K
603467,IN:E138T
603467,IN:G140A
603467,IN:G140C
603467,IN:G140S
603467,IN:Y143C
603467,IN:Y143H
603467,IN:Y143R
603467,IN:Y143S
603467,IN:S147G
603467,IN:Q148H
603467,IN:Q148K
603467,IN:Q148R
603488,IN:T66A
603488,IN:E92G
603488,IN:E92Q
603488,IN:N155H
603488,IN:S230R
603503,IN:G118R
603503,IN:F121Y
603503,IN:S230R
603503,IN:R263K
603551,IN:F121Y
603551,IN:E138A
603551,IN:E138K
603551,IN:E138T
603551,IN:G140A
603551,IN:G140C
603551,IN:G140S
603551,IN:Y143C
603551,IN:Y143H
603551,IN:Y143R
603551,IN:Y143S
603551,IN:S147G
603551,IN:Q148H
603551,IN:Q148K
603551,IN:Q148R
603566,IN:E138A
603566,IN:E138K
603566,IN:E138T
603566,IN:G140A
603566,IN:G140C
603566,IN:G140S
603580,RT:L74I
603580,RT:L74V
603626,PR:D30N
603626,PR:V32I
603626,PR:L76V
603626,PR:N83D
603627,RT:K65R
603627,RT:D67E
603627,RT:D67G
603627,RT:D67N
603627,RT:T69D
603627,RT:K70E
603627,RT:K70R
603627,RT:L74I
603627,RT:L74V
603627,RT:V75A
603627,RT:V75M
603627,RT:V75S
603627,RT:V75T
603627,RT:F77L
603627,RT:V179F
603627,RT:Y181C
603627,RT:Y181I
603627,RT:Y181V
603627,RT:M184I
603627,RT:M184V
603627,RT:Y188C
603627,RT:Y188H
603627,RT:Y188L
603627,RT:G190A
603627,RT:G190E
603627,RT:G190S
603627,RT:K219E
603627,RT:K219N
603627,RT:K219Q
603627,RT:K219R
603627,RT:P225H
603628,IN:E138A
603628,IN:E138K
603628,IN:E138T
603628,IN:G140A
603628,IN:G140C
603628,IN:G140S
603628,IN:Y143C
603628,IN:Y143H
603628,IN:Y143R
603628,IN:Y143S
603628,IN:S147G
603628,IN:Q148H
603628,IN:Q148K
603628,IN:Q148R
603628,IN:S230R
603648,RT:K65R
603648,RT:D67E
603648,RT:D67G
603648,RT:D67N
603648,RT:T69D
603648,RT:K70E
603648,RT:K70R
603648,RT:L74I
603648,RT:L74V
603648,RT:V75A
603648,RT:V75M
603648,RT:V75S
603648,RT:V75T
603648,RT:F77L
603648,RT:L100I
603648,RT:K101E
603648,RT:K101P
603648,RT:K103N
603648,RT:K103S
603648,RT:V106A
603648,RT:V106M
603648,RT:Y115F
603648,RT:F116Y
603648,RT:Q151M
603648,RT:V179F
603648,RT:Y181C
603648,RT:Y181I
603648,RT:Y181V
603648,RT:M184I
603648,RT:M184V
603648,RT:Y188C
603648,RT:Y188H
603648,RT:Y188L
603648,RT:G190A
603648,RT:G190E
603648,RT:G190S
603648,RT:L210W
603648,RT:K219E
603648,RT:K219N
603648,RT:K219Q
603648,RT:K219R
603648,RT:P225H
603648,RT:M230L
603723,IN:E138A
603723,IN:E138K
603723,IN:E138T
603723,IN:G140A
603723,IN:G140C
603723,IN:G140S
603723,IN:Y143C
603723,IN:Y143H
603723,IN:Y143R
603723,IN:Y143S
603723,IN:S147G
603723,IN:Q148H
603723,IN:Q148K
603723,IN:Q148R
603750,IN:E138A
603750,IN:E138K
603750,IN:E138T
603750,IN:G140A
603750,IN:G140C
603750,IN:G140S
603807,IN:F121Y
603807,IN:S147G
603807,IN:Q148H
603807,IN:Q148K
603807,IN:Q148R
603807,IN:N155H
603830,IN:G118R
603830,IN:F121Y
603830,IN:N155H
603836,IN:G118R
603836,IN:F121Y
603845,IN:E138A
603845,IN:E138K
603845,IN:E138T
603845,IN:G140A
603845,IN:G140C
603845,IN:G140S
603845,IN:Y143C
603845,IN:Y143H
603845,IN:Y143R
603845,IN:Y143S
603845,IN:S147G
603845,IN:Q148H
603845,IN:Q148K
603845,IN:Q148R
603845,IN:N155H
603863,IN:F121Y
603863,IN:S230R
603890,IN:S230R
603962,IN:E138A
603962,IN:E138K
603962,IN:E138T
603962,IN:G140A
603962,IN:G140C
603962,IN:G140S
603965,IN:T66A
603965,IN:T66I
603965,IN:T66K
603973,RT:L210W
603973,RT:K219E
603973,RT:K219N
603973,RT:K219Q
603973,RT:K219R
603973,RT:P225H
603973,RT:M230L
603977,IN:G118R
603977,IN:F121Y
603977,IN:E138A
603977,IN:E138K
603977,IN:E138T
603977,IN:G140A
603977,IN:G140C
603977,IN:G140S
603977,IN:Y143C
603977,IN:Y143H
603977,IN:Y143R
603977,IN:Y143S
603977,IN:S147G
603977,IN:Q148H
603977,IN:Q148K
603977,IN:Q148R
603988,RT:K65R
603988,RT:D67E
603988,RT:D67G
603988,RT:D67N
603989,IN:Q148H
603989,IN:Q148K
603989,IN:Q148R
603989,IN:N155H
603991,RT:L210W
603992,IN:E92Q
603992,IN:N155H
604013,IN:F121Y
604013,IN:E138K
604013,IN:R263K
604023,PR:L23I
604025,IN:G118R
604025,IN:F121Y
604031,IN:G118R
604031,IN:F121Y
604040,IN:G118R
604040,IN:F121Y
604040,IN:E138A
604040,IN:E138K
604040,IN:E138T
604040,IN:G140A
604040,IN:G140C
604040,IN:G140S
604040,IN:Y143C
604040,IN:Y143H
604040,IN:Y143R
604040,IN:Y143S
604040,IN:S147G
604040,IN:Q148H
604040,IN:Q148K
604040,IN:Q148R
604040,IN:N155H
604052,IN:E92G
604052,IN:E92Q
604052,IN:G118R
604070,IN:N155H
604073,IN:G118R
604114,RT:K65R
604114,RT:D67E
604114,RT:D67G
604114,RT:D67N
604114,RT:Y115F
604114,RT:F116Y
604123,RT:Q151M
604123,RT:V179F
604123,RT:Y181C
604123,RT:Y181I
604123,RT:Y181V
604123,RT:M184I
604123,RT:M184V
604123,RT:Y188C
604123,RT:Y188H
604123,RT:Y188L
604123,RT:G190A
604123,RT:G190E
604123,RT:G190S
604135,IN:T66A
604135,IN:T66I
604135,IN:T66K
604135,IN:G118R
604135,IN:F121Y
604135,IN:E138A
604135,IN:E138K
604135,IN:E138T
604135,IN:G140A
604135,IN:G140C
604135,IN:G140S
604135,IN:Y143C
604135,IN:Y143H
604135,IN:Y143R
604135,IN:Y143S
604135,IN:S147G
604135,IN:Q148H
604135,IN:Q148K
604135,IN:Q148R
604135,IN:S230R
604161,RT:V179F
604197,IN:T66K
604226,RT:K65R
604226,RT:D67E
604226,RT:D67G
604226,RT:D67N
604226,RT:K103N
604226,RT:K103S
604226,RT:V106A
604226,RT:V106M
604226,RT:K219E
604226,RT:K219N
604226,RT:K219Q
604226,RT:K219R
604227,IN:E138A
604227,IN:E138K
604227,IN:E138T
604240,RT:M41L
604240,RT:K65R
604240,RT:D67E
604240,RT:D67G
604240,RT:D67N
604240,RT:K219E
604240,RT:K219N
604240,RT:K219Q
604240,RT:K219R
604252,RT:K219E
604252,RT:K219N
604252,RT:K219Q
604252,RT:K219R
604252,RT:P225H
604252,RT:M230L
604295,IN:G118R
604295,IN:F121Y
604295,IN:N155H
604307,IN:G118R
604307,IN:F121Y
604307,IN:S230R
604334,IN:G118R
604334,IN:F121Y
604334,IN:N155H
604352,IN:T66A
604352,IN:T66I
604352,IN:T66K
604352,IN:E92G
604352,IN:E92Q
604352,IN:F121Y
604352,IN:E138A
604352,IN:E138K
604352,IN:E138T
604352,IN:G140A
604352,IN:G140C
604352,IN:G140S
604352,IN:Y143C
604352,IN:Y143H
604352,IN:Y143R
604352,IN:Y143S
604352,IN:S147G
604352,IN:Q148H
604352,IN:Q148K
604352,IN:Q148R
604352,IN:N155H
604368,RT:L100I
604368,RT:K101E
604368,RT:K101P
604368,RT:K103N
604368,RT:K103S
604368,RT:Y188C
604368,RT:Y188H
604368,RT:Y188L
604368,RT:G190A
604368,RT:G190E
604368,RT:G190S
604368,RT:M230L
604369,IN:E92G
604369,IN:E92Q
604369,IN:G118R
604369,IN:F121Y
604369,IN:E138A
604369,IN:E138K
604369,IN:E138T
604369,IN:G140A
604369,IN:G140C
604369,IN:G140S
604369,IN:Y143C
604369,IN:Y143H
604369,IN:Y143R
604369,IN:Y143S
604369,IN:S147G
604369,IN:Q148H
604369,IN:Q148K
604369,IN:Q148R
604384,IN:R263K
604405,IN:G118R
604405,IN:F121Y
604423,IN:T66A
604423,IN:T66I
604423,IN:T66K
604423,IN:F121Y
604423,IN:E138A
604423,IN:E138K
604423,IN:E138T
604423,IN:G140A
604423,IN:G140C
604423,IN:G140S
604423,IN:Y143C
604423,IN:Y143H
604423,IN:Y143R
604423,IN:Y143S
604423,IN:S147G
604423,IN:S230R
604432,IN:E92G
604432,IN:E92Q
604441,IN:G118R
604441,IN:F121Y
604441,IN:S230R
604447,IN:G140A
604447,IN:G140C
604447,IN:G140S
604447,IN:Y143C
604447,IN:Y143H
604447,IN:Y143R
604447,IN:Y143S
604447,IN:S147G
604447,IN:Q148H
604447,IN:Q148K
604447,IN:Q148R
604447,IN:N155H
604470,RT:V179F
604470,RT:K219E
604470,RT:K219N
604470,RT:K219Q
604470,RT:K219R
604471,IN:G118R
604471,IN:F121Y
604471,IN:E138A
604471,IN:E138K
604471,IN:E138T
604471,IN:G140A
604471,IN:G140C
604471,IN:G140S
604471,IN:Y143C
604471,IN:Y143H
604471,IN:Y143R
604471,IN:Y143S
604471,IN:S147G
604471,IN:Q148H
604471,IN:Q148K
604471,IN:Q148R
604471,IN:S230R
604474,IN:T66A
604474,IN:T66I
604474,IN:T66K
604474,IN:G118R
604477,IN:G118R
604480,IN:G118R
604480,IN:F121Y
604480,IN:S230R
604489,IN:T66A
604489,IN:T66I
604489,IN:T66K
604489,IN:E138A
604489,IN:E138K
604489,IN:E138T
604489,IN:G140A
604489,IN:G140C
604489,IN:G140S
604489,IN:Y143C
604489,IN:Y143H
604489,IN:Y143R
604489,IN:Y143S
604489,IN:S147G
604489,IN:Q148H
604489,IN:Q148K
604489,IN:Q148R
604489,IN:N155H
604494,RT:L100I
604494,RT:K101E
604494,RT:K101P
604494,RT:K103N
604494,RT:K103S
604494,RT:V179F
604495,IN:N155H
604501,IN:S230R
604530,RT:K219E
604530,RT:K219N
604530,RT:K219Q
604530,RT:K219R
604530,RT:P225H
604531,IN:S230R
604549,IN:G118R
604549,IN:F121Y
604554,RT:M41L
604554,RT:K65R
604554,RT:D67E
604554,RT:D67G
604554,RT:D67N
604554,RT:T69D
604554,RT:K70E
604554,RT:K70R
604554,RT:L74I
604554,RT:L74V
604554,RT:V75A
604554,RT:V75M
604554,RT:V75S
604554,RT:V75T
604554,RT:F77L
604554,RT:L100I
604554,RT:K101E
604554,RT:K101P
604554,RT:K103N
604554,RT:K103S
604554,RT:V106A
604554,RT:V106M
604554,RT:Y115F
604554,RT:F116Y
604554,RT:L210W
604576,IN:E138A
604576,IN:E138K
604576,IN:E138T
604576,IN:G140A
604576,IN:G140C
604576,IN:G140S
604576,IN:Y143C
604576,IN:Y143H
604576,IN:Y143R
604576,IN:Y143S
604576,IN:S230R
604588,IN:G118R
604588,IN:F121Y
604588,IN:N155H
604618,IN:G118R
604618,IN:F121Y
604618,IN:E138A
604618,IN:E138K
604618,IN:E138T
604618,IN:G140A
604618,IN:G140C
604618,IN:G140S
604618,IN:Y143C
604618,IN:Y143H
604618,IN:Y143R
604618,IN:Y143S
604618,IN:S147G
604618,IN:Q148H
604618,IN:Q148K
604618,IN:Q148R
604618,IN:N155H
604618,IN:S230R
604630,IN:T66A
604630,IN:T66I
604630,IN:T66K
604630,IN:E92G
604630,IN:E92Q
604632,RT:K65R
604632,RT:D67E
604632,RT:D67G
604632,RT:D67N
604632,RT:T69D
604632,RT:K70E
604632,RT:Y188C
604632,RT:Y188H
604632,RT:Y188L
604632,RT:G190A
604632,RT:G190E
604632,RT:G190S
604632,RT:P225H
604632,RT:M230L
604654,IN:S147G
604654,IN:Q148H
604654,IN:Q148K
604654,IN:Q148R
604654,IN:N155H
604673,PR:L76V
604675,IN:E92G
604675,IN:E92Q
604675,IN:G118R
604675,IN:F121Y
604675,IN:S147G
604675,IN:Q148H
604675,IN:Q148K
604675,IN:Q148R
604678,IN:T66A
604678,IN:T66I
604678,IN:T66K
604706,PR:D30N
604707,RT:K65R
604707,RT:D67E
604707,RT:D67G
604707,RT:D67N
604707,RT:T69D
604707,RT:K70E
604707,RT:K70R
604707,RT:L210W
604708,IN:E92G
604708,IN:E92Q
604708,IN:E138A
604708,IN:E138K
604708,IN:E138T
604708,IN:G140A
604708,IN:G140C
604708,IN:G140S
604708,IN:Y143C
604708,IN:Y143H
604708,IN:Y143R
604708,IN:Y143S
604708,IN:S147G
604708,IN:Q148H
604708,IN:Q148K
604708,IN:Q148R
604729,IN:E92G
604729,IN:E92Q
604737,RT:K219E
604737,RT:K219N
604737,RT:K219Q
604737,RT:K219R
604737,RT:P225H
604737,RT:M230L
604738,IN:E92G
604738,IN:E92Q
604747,IN:F121Y
604747,IN:E138A
604747,IN:E138K
604747,IN:E138T
604747,IN:G140A
604747,IN:G140C
604747,IN:G140S
604747,IN:S230R
604765,IN:E92Q
604765,IN:S147G
604765,IN:Q148H
604765,IN:Q148K
604765,IN:Q148R
604794,IN:G118R
604794,IN:F121Y
604794,IN:E138A
604794,IN:E138K
604794,IN:E138T
604794,IN:G140A
604794,IN:G140C
604794,IN:G140S
604800,IN:G118R
604800,IN:F121Y
604812,IN:F121Y
604812,IN:Q148H
604812,IN:Q148K
604812,IN:Q148R
604854,IN:S230R
604865,RT:L100I
604866,IN:G118R
604866,IN:F121Y
604866,IN:E138A
604866,IN:E138K
604866,IN:E138T
604866,IN:G140A
604866,IN:G140C
604866,IN:G140S
604866,IN:Y143C
604866,IN:Y143H
604866,IN:Y143R
604866,IN:Y143S
604866,IN:S147G
604866,IN:Q148H
604866,IN:Q148K
604866,IN:Q148R
604875,IN:E138K
604887,IN:S230R
604911,IN:S230R
604929,IN:E92G
604929,IN:E92Q
604929,IN:G118R
604929,IN:F121Y
604929,IN:E138A
604929,IN:E138K
604929,IN:E138T
604929,IN:G140A
604929,IN:G140C
604929,IN:G140S
604929,IN:Y143C
604929,IN:Y143H
604929,IN:Y143R
604929,IN:Y143S
604929,IN:S147G
604929,IN:Q148H
604929,IN:Q148K
604929,IN:Q148R
604929,IN:N155H
604929,IN:S230R
604938,IN:T66A
604938,IN:T66I
604938,IN:T66K
604938,IN:E138A
604938,IN:E138K
604938,IN:E138T
604938,IN:G140A
604938,IN:G140C
604938,IN:G140S
604938,IN:Y143C
604938,IN:Y143H
604938,IN:Y143R
604938,IN:Y143S
604938,IN:S147G
604959,IN:G118R
604959,IN:F121Y
604959,IN:E138A
604959,IN:E138K
604959,IN:E138T
604959,IN:G140A
604959,IN:G140C
604959,IN:G140S
604959,IN:Y143C
604959,IN:Y143H
604959,IN:Y143R
604959,IN:Y143S
604959,IN:S147G
604959,IN:Q148H
604959,IN:Q148K
604959,IN:Q148R
604959,IN:N155H
604959,IN:S230R
604998,IN:E92G
604998,IN:E92Q
604998,IN:G118R
604998,IN:E138A
604998,IN:E138K
604998,IN:E138T
604998,IN:G140A
604998,IN:G140C
604998,IN:G140S
604998,IN:Y143C
604998,IN:Y143H
604998,IN:Y143R
604998,IN:Y143S
604998,IN:S147G
604998,IN:Q148H
604998,IN:Q148K
604998,IN:Q148R
604998,IN:N155H
605003,RT:M41L
605004,IN:N155H
605004,IN:S230R
605013,IN:G118R
605019,IN:S147G
605019,IN:Q148H
605019,IN:Q148K
605019,IN:Q148R
605019,IN:N155H
605025,IN:E138A
605025,IN:E138K
605025,IN:E138T
605025,IN:G140A
605025,IN:G140C
605025,IN:G140S
605025,IN:Y143C
605025,IN:Y143H
605025,IN:Y143R
605025,IN:Y143S
605025,IN:S147G
605025,IN:Q148H
605025,IN:Q148K
605025,IN:Q148R
605046,IN:G118R
605046,IN:F121Y
605046,IN:S230R
605061,IN:G118R
605061,IN:F121Y
605061,IN:S230R
605079,IN:S147G
605079,IN:Q148H
605079,IN:Q148K
605079,IN:Q148R
605085,IN:T66A
605085,IN:T66I
605085,IN:T66K
605085,IN:G118R
605085,IN:F121Y
605085,IN:S147G
605085,IN:Q148H
605085,IN:Q148K
605085,IN:Q148R
605091,IN:G118R
605091,IN:S230R
605103,IN:T66A
605103,IN:T66I
605103,IN:T66K
605103,IN:E92G
605111,RT:L210W
605111,RT:K219E
605111,RT:K219N
605111,RT:K219Q
605111,RT:K219R
605111,RT:P225H
605117,RT:M41L
605117,RT:V179F
605117,RT:Y181C
605117,RT:Y181I
605117,RT:Y181V
605117,RT:M184I
605117,RT:M184V
605117,RT:Y188C
605117,RT:Y188H
605117,RT:Y188L
605117,RT:G190A
605117,RT:G190E
605117,RT:G190S
605129,RT:K65R
605129,RT:D67E
605129,RT:D67G
605129,RT:D67N
605129,RT:T69D
605129,RT:K70E
605129,RT:K70R
605129,RT:L74I
605129,RT:L74V
605129,RT:V75A
605129,RT:V75M
605129,RT:V75S
605129,RT:V75T
605129,RT:F77L
605129,RT:L100I
605129,RT:K101E
605129,RT:K101P
605129,RT:K103N
605129,RT:K103S
605129,RT:V106A
605129,RT:V106M
605129,RT:Y115F
605129,RT:F116Y
605129,RT:Q151M
605129,RT:V179F
605129,RT:Y181C
605129,RT:Y181I
605129,RT:Y181V
605129,RT:M184I
605129,RT:M184V
605129,RT:Y188C
605129,RT:Y188H
605129,RT:Y188L
605129,RT:G190A
605129,RT:G190E
605129,RT:G190S
605129,RT:L210W
605129,RT:K219E
605129,RT:K219N
605129,RT:K219Q
605129,RT:K219R
605130,IN:T66A
605130,IN:T66I
605130,IN:T66K
605130,IN:E92G
605130,IN:E92Q
605130,IN:G118R
605130,IN:F121Y
605154,IN:F121Y
605154,IN:E138A
605154,IN:E138K
605154,IN:E138T
605154,IN:G140A
605154,IN:G140C
605154,IN:G140S
605154,IN:Y143C
605154,IN:Y143H
605154,IN:Y143R
605154,IN:Y143S
605154,IN:S147G
605154,IN:Q148H
605154,IN:Q148K
605154,IN:Q148R
605154,IN:N155H
605196,IN:T66A
605196,IN:T66I
605196,IN:T66K
605196,IN:G118R
605196,IN:F121Y
605196,IN:E138A
605196,IN:E138K
605196,IN:E138T
605196,IN:G140A
605196,IN:G140C
605196,IN:G140S
605196,IN:Y143C
605196,IN:Y143H
605196,IN:Y143R
605196,IN:Y143S
605196,IN:S147G
605246,IN:T66A
605246,IN:T66I
605246,IN:T66K
605246,IN:E92G
605246,IN:E92Q
605246,IN:G118R
605246,IN:F121Y
605246,IN:E138A
605246,IN:E138K
605246,IN:E138T
605246,IN:G140A
605246,IN:G140C
605246,IN:G140S
605246,IN:Y143C
605246,IN:Y143H
605246,IN:Y143R
605246,IN:Y143S
605246,IN:S147G
605246,IN:Q148H
605246,IN:Q148K
605246,IN:Q148R
605348,IN:E92G
605348,IN:E92Q
605370,PR:L23I
605371,RT:L100I
605371,RT:K101E
605371,RT:K101P
605371,RT:K103N
605371,RT:K103S
605371,RT:V106A
605371,RT:V106M
605411,IN:G118R
605411,IN:F121Y
605435,IN:G118R
605435,IN:F121Y
605435,IN:E138A
605435,IN:E138K
605435,IN:E138T
605435,IN:G140A
605435,IN:G140C
605435,IN:G140S
605435,IN:Y143C
605435,IN:Y143H
605435,IN:Y143R
605435,IN:Y143S
605435,IN:S147G
605435,IN:Q148H
605435,IN:Q148K
605435,IN:Q148R
605435,IN:N155H
605498,IN:T66A
605498,IN:T66I
605498,IN:T66K
605498,IN:E92G
605498,IN:E92Q
605498,IN:E138A
605498,IN:E138K
605498,IN:E138T
605498,IN:G140A
605498,IN:G140C
605498,IN:G140S
605498,IN:Y143C
605498,IN:Y143H
605498,IN:Y143R
605498,IN:Y143S
605498,IN:S147G
605498,IN:Q148H
605498,IN:Q148K
605498,IN:Q148R
605498,IN:N155H
605498,IN:S230R
605510,IN:G118R
605510,IN:F121Y
605510,IN:E138A
605510,IN:E138K
605510,IN:E138T
605510,IN:N155H
605512,RT:M41L
605512,RT:L210W
605512,RT:K219E
605512,RT:K219N
605512,RT:K219Q
605512,RT:K219R
605512,RT:P225H
605512,RT:M230L
605513,IN:E92G
605513,IN:E92Q
605513,IN:G118R
605513,IN:F121Y
605513,IN:E138A
605513,IN:E138K
605513,IN:E138T
605513,IN:G140A
605513,IN:G140C
605513,IN:G140S
605513,IN:Y143C
605513,IN:Y143H
605513,IN:Y143R
605513,IN:Y143S
605513,IN:S147G
605513,IN:Q148H
605513,IN:Q148K
605513,IN:Q148R
605513,IN:N155H
605527,RT:L100I
605527,RT:K101E
605527,RT:K101P
605527,RT:K103N
605527,RT:K103S
605527,RT:V106A
605527,RT:V106M
605528,IN:E92G
605528,IN:E92Q
605528,IN:G118R
605528,IN:F121Y
605528,IN:E138A
605528,IN:E138K
605528,IN:E138T
605528,IN:G140A
605528,IN:G140C
605528,IN:G140S
605528,IN:Y143C
605528,IN:Y143H
605528,IN:Y143R
605528,IN:Y143S
605528,IN:S147G
605528,IN:Q148H
605528,IN:Q148K
605528,IN:Q148R
605528,IN:N155H
605545,RT:D67E
605545,RT:D67G
605545,RT:T69D
605545,RT:K70E
605545,RT:K70R
605545,RT:L74I
605545,RT:L74V
605545,RT:V75A
605545,RT:V75M
605545,RT:V75S
605545,RT:V75T
605545,RT:F77L
605588,IN:S230R
605627,IN:G140A
605627,IN:G140C
605627,IN:G140S
605627,IN:Y143C
605627,IN:Y143H
605627,IN:Y143R
605627,IN:Y143S
605627,IN:S147G
605627,IN:Q148H
605627,IN:Q148K
605627,IN:Q148R
605650,RT:D67N
605654,IN:F121Y
605683,RT:V179F
605686,RT:K65R
605686,RT:D67E
605686,RT:D67G
605686,RT:D67N
605686,RT:T69D
605686,RT:K70E
605686,RT:K70R
605687,IN:G118R
605687,IN:G140A
605687,IN:G140C
605687,IN:G140S
605687,IN:Y143C
605687,IN:Y143H
605687,IN:Y143R
605687,IN:Y143S
605687,IN:S147G
605687,IN:Q148H
605687,IN:Q148K
605687,IN:Q148R
605687,IN:N155H
605687,IN:S230R
605689,RT:M41L
605690,IN:T66A
605690,IN:T66I
605690,IN:T66K
605690,IN:G118R
605690,IN:F121Y
605693,IN:G118R
605693,IN:F121Y
605693,IN:E138A
605693,IN:E138K
605693,IN:E138T
605693,IN:G140A
605693,IN:G140C
605693,IN:G140S
605693,IN:Y143C
605693,IN:Y143H
605693,IN:Y143R
605693,IN:Y143S
605693,IN:S147G
605693,IN:Q148H
605693,IN:Q148K
605693,IN:Q148R
605693,IN:N155H
605693,IN:S230R
605696,IN:T66A
605696,IN:T66I
605696,IN:T66K
605696,IN:E138A
605696,IN:E138K
605696,IN:E138T
605696,IN:G140A
605696,IN:G140C
605696,IN:G140S
605696,IN:Y143C
605696,IN:Y143H
605696,IN:Y143R
605696,IN:Y143S
605696,IN:S147G
605696,IN:Q148H
605696,IN:Q148K
605696,IN:Q148R
605696,IN:N155H
605699,IN:T66A
605699,IN:T66I
605699,IN:T66K
605699,IN:G118R
605699,IN:S147G
605699,IN:Q148H
605699,IN:Q148K
605699,IN:Q148R
605699,IN:N155H
605699,IN:S230R
605708,IN:G118R
605708,IN:F121Y
605708,IN:E138A
605708,IN:E138K
605708,IN:E138T
605708,IN:G140A
605708,IN:G140C
605708,IN:G140S
605708,IN:Y143C
605708,IN:Y143H
605708,IN:Y143R
605708,IN:Y143S
605708,IN:S147G
605708,IN:Q148H
605708,IN:Q148K
605708,IN:Q148R
605708,IN:N155H
605708,IN:S230R
605731,RT:T215S
605741,IN:E138A
605741,IN:E138K
605741,IN:E138T
605741,IN:G140A
605741,IN:G140C
605741,IN:G140S
605741,IN:Y143C
605741,IN:Y143H
605741,IN:Y143R
605741,IN:Y143S
605741,IN:S147G
605741,IN:Q148H
605741,IN:Q148K
605741,IN:Q148R
605741,IN:N155H
605744,IN:E138A
605744,IN:E138K
605744,IN:E138T
605744,IN:G140A
605744,IN:G140C
605744,IN:G140S
605744,IN:Y143C
605744,IN:Y143H
605744,IN:Y143R
605744,IN:Y143S
605744,IN:S147G
605744,IN:Q148H
605744,IN:Q148K
605744,IN:Q148R
605744,IN:S230R
605765,IN:S230R
605768,IN:S230R
605935,RT:L210W
605936,IN:S230R
605938,RT:K219N
605938,RT:K219R
605939,IN:T66A
605939,IN:T66I
605939,IN:T66K
605939,IN:E92G
605939,IN:E92Q
605939,IN:G118R
605939,IN:F121Y
605939,IN:E138A
605939,IN:E138K
605939,IN:E138T
605939,IN:G140A
605939,IN:G140C
605939,IN:G140S
605939,IN:Y143C
605939,IN:Y143H
605939,IN:Y143R
605939,IN:Y143S
605939,IN:S147G
605939,IN:Q148H
605939,IN:Q148K
605939,IN:Q148R
605945,IN:E92G
605945,IN:E92Q
605951,IN:G118R
605951,IN:F121Y
605951,IN:E138A
605951,IN:E138K
605951,IN:E138T
605951,IN:G140A
605951,IN:G140C
605951,IN:G140S
605951,IN:Y143C
605951,IN:Y143H
605951,IN:Y143R
605951,IN:Y143S
605951,IN:S147G
605951,IN:Q148H
605951,IN:Q148K
605951,IN:Q148R
605952,PR:M46I
605960,IN:S230R
605966,IN:T66A
605966,IN:T66I
605966,IN:T66K
605966,IN:S230R
606004,RT:L74I
606004,RT:L74V
606004,RT:V75A
606004,RT:V75M
606004,RT:V75S
606004,RT:V75T
606004,RT:F77L
606004,RT:Y188C
606004,RT:Y188H
606004,RT:Y188L
606004,RT:G190A
606004,RT:G190E
606004,RT:G190S
606004,RT:L210W
606005,IN:E138A
606005,IN:E138K
606005,IN:E138T
606005,IN:G140A
606005,IN:G140C
606005,IN:G140S
606005,IN:Y143C
606005,IN:Y143H
606005,IN:Y143R
606005,IN:Y143S
606005,IN:R263K
606011,IN:G118R
606011,IN:F121Y
606011,IN:S230R
606055,RT:M41L
606077,IN:T66A
606077,IN:T66I
606077,IN:T66K
606077,IN:G118R
606077,IN:F121Y
606077,IN:E138A
606077,IN:E138K
606077,IN:E138T
606077,IN:G140A
606077,IN:G140C
606077,IN:G140S
606077,IN:Y143C
606077,IN:Y143H
606077,IN:Y143R
606077,IN:Y143S
606077,IN:S147G
606077,IN:Q148H
606077,IN:Q148K
606077,IN:Q148R
606077,IN:N155H
606121,IN:G118R
606121,IN:F121Y
606121,IN:N155H
606142,IN:E138A
606142,IN:E138K
606142,IN:E138T
606142,IN:G140A
606142,IN:G140C
606142,IN:G140S
606142,IN:Y143C
606142,IN:Y143H
606142,IN:Y143R
606142,IN:Y143S
606142,IN:S147G
606142,IN:Q148H
606142,IN:Q148K
606142,IN:Q148R
606154,IN:T66A
606154,IN:T66I
606154,IN:T66K
606154,IN:E92G
606154,IN:E92Q
606154,IN:G118R
606172,IN:T66A
606172,IN:T66I
606172,IN:T66K
606172,IN:G118R
606172,IN:F121Y
606172,IN:E138A
606172,IN:E138K
606172,IN:E138T
606172,IN:G140A
606172,IN:G140C
606172,IN:G140S
606175,IN:S230R
606181,IN:G118R
606181,IN:F121Y
606181,IN:E138A
606181,IN:E138K
606181,IN:E138T
606181,IN:G140A
606181,IN:G140C
606181,IN:G140S
606181,IN:Y143C
606181,IN:Y143H
606181,IN:Y143R
606181,IN:Y143S
606181,IN:S147G
606181,IN:Q148H
606181,IN:Q148K
606181,IN:Q148R
606181,IN:N155H
606210,RT:K65R
606210,RT:D67E
606210,RT:D67G
606210,RT:D67N
606210,RT:T69D
606210,RT:K70E
606210,RT:K70R
606210,RT:L74I
606210,RT:L74V
606210,RT:V75A
606210,RT:V75M
606210,RT:V75S
606210,RT:V75T
606210,RT:F77L
606210,RT:Q151M
606210,RT:M230L
606211,IN:E92G
606211,IN:E92Q
606211,IN:G118R
606211,IN:F121Y
606226,IN:E138A
606226,IN:E138K
606226,IN:E138T
606226,IN:G140A
606226,IN:G140C
606226,IN:G140S
606226,IN:Y143C
606226,IN:Y143H
606226,IN:Y143R
606226,IN:Y143S
606226,IN:S147G
606226,IN:Q148H
606226,IN:Q148K
606226,IN:Q148R
606237,RT:L74I
606237,RT:L74V
606270,RT:L210W
606271,IN:G118R
606271,IN:F121Y
606271,IN:E138A
606271,IN:E138K
606271,IN:E138T
606271,IN:G140A
606271,IN:G140C
606271,IN:G140S
606271,IN:Y143C
606271,IN:Y143H
606271,IN:Y143R
606271,IN:Y143S
606271,IN:S147G
606271,IN:Q148H
606271,IN:Q148K
606271,IN:Q148R
606271,IN:N155H
606277,IN:E92G
606277,IN:E92Q
606277,IN:G118R
606277,IN:F121Y
606277,IN:E138A
606277,IN:E138K
606277,IN:E138T
606277,IN:G140A
606277,IN:G140C
606277,IN:G140S
606277,IN:Y143C
606277,IN:Y143H
606277,IN:Y143R
606277,IN:Y143S
606277,IN:S147G
606316,IN:T66A
606316,IN:T66I
606316,IN:T66K
606319,IN:G118R
606319,IN:F121Y
606319,IN:S230R
606334,IN:G118R
606334,IN:F121Y
606334,IN:E138A
606334,IN:E138K
606334,IN:E138T
606334,IN:G140A
606334,IN:G140C
606334,IN:G140S
606334,IN:Y143C
606334,IN:Y143H
606334,IN:Y143R
606334,IN:Y143S
606334,IN:S147G
606334,IN:Q148H
606334,IN:Q148K
606334,IN:Q148R
606334,IN:S230R
606364,IN:T66A
606364,IN:T66I
606364,IN:T66K
606364,IN:G118R
606364,IN:F121Y
606364,IN:S230R
606418,IN:S230R
606535,IN:G118R
606535,IN:F121Y
606535,IN:E138A
606535,IN:E138K
606535,IN:E138T
606535,IN:G140A
606535,IN:G140C
606535,IN:G140S
606535,IN:Y143H
606538,IN:T66A
606538,IN:T66I
606538,IN:T66K
606538,IN:S230R
606550,IN:G118R
606550,IN:F121Y
606550,IN:E138A
606550,IN:E138K
606550,IN:E138T
606550,IN:G140A
606550,IN:G140C
606550,IN:G140S
606550,IN:Y143C
606550,IN:Y143H
606550,IN:Y143R
606550,IN:Y143S
606550,IN:S147G
606550,IN:Q148H
606550,IN:Q148K
606550,IN:Q148R
606550,IN:S230R
606586,IN:S230R
606604,IN:G118R
606604,IN:F121Y
606608,PR:M46I
606608,PR:M46L
606608,PR:I47A
606608,PR:I47V
606608,PR:G48M
606608,PR:G48V
606608,PR:I50L
606608,PR:I50V
606608,PR:F53L
606608,PR:F53Y
606608,PR:I54A
606608,PR:I54L
606608,PR:I54M
606608,PR:I54S
606608,PR:I54T
606608,PR:I54V
606609,RT:Y115F
606609,RT:F116Y
606609,RT:V179F
606609,RT:Y181C
606609,RT:Y181I
606609,RT:Y181V
606609,RT:M184I
606609,RT:M184V
606609,RT:Y188C
606609,RT:Y188H
606609,RT:Y188L
606609,RT:G190A
606609,RT:G190E
606609,RT:G190S
606609,RT:L210W
606609,RT:K219E
606609,RT:K219N
606609,RT:K219Q
606609,RT:K219R
606609,RT:P225H
606609,RT:M230L
606615,IN:T66A
606615,IN:T66I
606615,IN:T66K
606615,IN:E92G
606615,IN:E92Q
606615,IN:G118R
606615,IN:F121Y
606615,IN:N155H
606669,IN:E92G
606669,IN:E92Q
606679,PR:D30N
606680,RT:M41L
606680,RT:L100I
606680,RT:K101E
606680,RT:K101P
606680,RT:K103N
606680,RT:K103S
606680,RT:V106A
606680,RT:V106M
606680,RT:Y115F
606680,RT:F116Y
606680,RT:Q151M
606680,RT:V179F
606680,RT:Y181C
606680,RT:Y181I
606680,RT:Y181V
606680,RT:M184I
606680,RT:M184V
606680,RT:Y188C
606680,RT:Y188H
606680,RT:Y188L
606680,RT:G190A
606680,RT:G190E
606680,RT:G190S
606680,RT:L210W
606680,RT:K219E
606680,RT:K219N
606680,RT:K219Q
606680,RT:K219R
606680,RT:P225H
606680,RT:M230L
606681,IN:E138A
606681,IN:E138K
606681,IN:E138T
606681,IN:G140A
606681,IN:G140C
606681,IN:G140S
606681,IN:Y143C
606681,IN:Y143H
606681,IN:Y143R
606681,IN:Y143S
606681,IN:S147G
606681,IN:Q148H
606681,IN:Q148K
606681,IN:Q148R
606696,IN:T66A
606696,IN:T66I
606696,IN:T66K
606758,RT:L210W
606758,RT:K219E
606758,RT:K219N
606758,RT:K219Q
606758,RT:K219R
606758,RT:P225H
606758,RT:M230L
606759,IN:G118R
606759,IN:F121Y
606759,IN:E138A
606759,IN:E138K
606759,IN:E138T
606798,IN:Q148H
606798,IN:Q148R
606798,IN:N155H
606830,RT:L100I
606830,RT:K219E
606830,RT:K219N
606830,RT:K219Q
606830,RT:K219R
606831,IN:T66A
606831,IN:T66I
606831,IN:T66K
606831,IN:E92G
606831,IN:E92Q
606831,IN:G118R
606831,IN:F121Y
606831,IN:E138A
606831,IN:E138K
606831,IN:E138T
606831,IN:G140A
606831,IN:G140C
606831,IN:G140S
606831,IN:S147G
606831,IN:Q148H
606831,IN:Q148K
606831,IN:Q148R
606831,IN:N155H
606831,IN:S230R
606852,IN:F121Y
606873,IN:G118R
606873,IN:F121Y
606873,IN:E138A
606873,IN:E138K
606873,IN:E138T
606873,IN:G140A
606873,IN:G140C
606873,IN:G140S
606873,IN:Y143C
606873,IN:Y143H
606873,IN:Y143R
606873,IN:Y143S
606873,IN:S147G
606873,IN:Q148H
606873,IN:Q148K
606873,IN:Q148R
606888,IN:S230R
606912,IN:G118R
606912,IN:G140A
606912,IN:G140C
606912,IN:G140S
606912,IN:Y143C
606912,IN:Y143H
606912,IN:Y143R
606912,IN:Y143S
606912,IN:S230R
606935,RT:M41L
606935,RT:L210W
606935,RT:K219E
606935,RT:K219N
606935,RT:K219Q
606935,RT:K219R
606936,IN:T66A
606936,IN:T66I
606936,IN:T66K
606936,IN:E92G
606936,IN:E92Q
606936,IN:G118R
606936,IN:F121Y
606936,IN:Q148H
606936,IN:Q148K
606936,IN:Q148R
606936,IN:N155H
606963,IN:G118R
606963,IN:F121Y
606966,IN:G118R
606966,IN:F121Y
606966,IN:N155H
606966,IN:S230R
606981,IN:E92G
606981,IN:E92Q
606981,IN:N155H
606989,RT:V75M
606990,IN:G118R
606990,IN:F121Y
606990,IN:S230R
606996,IN:S230R
607020,IN:G118R
607020,IN:F121Y
607020,IN:N155H
607053,IN:E92G
607053,IN:E92Q
607079,IN:G118R
607079,IN:F121Y
607080,PR:N83D
607081,RT:D67E
607081,RT:D67G
607081,RT:D67N
607081,RT:T69D
607081,RT:K70E
607081,RT:K70R
607081,RT:L74I
607081,RT:L74V
607081,RT:V75A
607081,RT:V75M
607081,RT:V75S
607081,RT:V75T
607081,RT:V179F
607081,RT:Y181C
607081,RT:Y181I
607081,RT:Y181V
607081,RT:M184I
607081,RT:M184V
607081,RT:Y188H
607082,IN:S230R
607103,IN:E92G
607103,IN:E92Q
607103,IN:G118R
607103,IN:F121Y
607103,IN:E138A
607103,IN:E138K
607103,IN:E138T
607103,IN:G140A
607103,IN:G140C
607103,IN:G140S
607103,IN:Y143C
607103,IN:Y143H
607103,IN:Y143R
607103,IN:Y143S
607103,IN:S147G
607103,IN:Q148H
607103,IN:Q148K
607103,IN:Q148R
607165,RT:K65R
607165,RT:D67E
607165,RT:D67G
607165,RT:D67N
607166,IN:T66A
607166,IN:T66I
607166,IN:T66K
607166,IN:E138A
607166,IN:E138K
607166,IN:E138T
607166,IN:G140A
607166,IN:G140C
607166,IN:G140S
607168,RT:Y188C
607168,RT:Y188H
607168,RT:Y188L
607168,RT:G190A
607168,RT:G190E
607168,RT:G190S
607169,IN:T66A
607169,IN:T66I
607169,IN:T66K
607169,IN:F121Y
607175,IN:G118R
607175,IN:S230R
607208,IN:E92G
607208,IN:E92Q
607208,IN:G118R
607208,IN:F121Y
607208,IN:E138A
607208,IN:E138K
607208,IN:E138T
607208,IN:G140A
607208,IN:G140C
607208,IN:G140S
607208,IN:Y143C
607208,IN:Y143H
607208,IN:Y143R
607208,IN:Y143S
607208,IN:S147G
607208,IN:Q148H
607208,IN:Q148K
607208,IN:Q148R
607208,IN:N155H
607223,IN:E92G
607223,IN:E92Q
607223,IN:G118R
607223,IN:F121Y
607247,IN:S230R
607259,IN:T66A
607259,IN:T66I
607259,IN:T66K
607259,IN:E92G
607259,IN:E92Q
607259,IN:G118R
607259,IN:F121Y
607259,IN:E138A
607259,IN:E138K
607259,IN:E138T
607259,IN:G140A
607259,IN:G140C
607259,IN:G140S
607259,IN:Y143C
607259,IN:Y143H
607259,IN:Y143R
607259,IN:Y143S
607259,IN:S147G
607259,IN:Q148H
607259,IN:Q148K
607259,IN:Q148R
607283,IN:G118R
607283,IN:F121Y
607363,RT:L210W
607375,RT:L210W
607376,IN:E92G
607376,IN:E92Q
607376,IN:G118R
607376,IN:F121Y
607376,IN:E138A
607376,IN:E138K
607376,IN:E138T
607376,IN:G140A
607376,IN:G140C
607376,IN:G140S
607376,IN:Y143C
607376,IN:Y143H
607376,IN:Y143R
607376,IN:Y143S
607376,IN:S147G
607376,IN:Q148H
607376,IN:Q148K
607376,IN:Q148R
607376,IN:N155H
607385,IN:T66A
607385,IN:T66I
607385,IN:T66K
607385,IN:E92G
607385,IN:E92Q
607385,IN:N155H
607394,IN:E92G
607394,IN:E92Q
607415,IN:G118R
607415,IN:F121Y
607415,IN:S147G
607415,IN:Q148H
607415,IN:Q148K
607415,IN:Q148R
607415,IN:N155H
607415,IN:S230R
607421,IN:T66A
607421,IN:T66I
607421,IN:T66K
607421,IN:G118R
607421,IN:F121Y
607426,RT:M41L
607458,RT:F77L
607461,RT:L210W
607461,RT:K219E
607461,RT:K219N
607461,RT:K219Q
607461,RT:K219R
607461,RT:P225H
607461,RT:M230L
607462,IN:T66A
607462,IN:T66I
607462,IN:T66K
607462,IN:E92G
607462,IN:E92Q
607462,IN:G118R
607477,IN:G118R
607483,IN:G118R
607483,IN:F121Y
607483,IN:E138A
607483,IN:E138K
607483,IN:E138T
607483,IN:G140A
607483,IN:G140C
607483,IN:G140S
607483,IN:Y143C
607483,IN:Y143H
607483,IN:Y143R
607483,IN:Y143S
607483,IN:S147G
607483,IN:Q148H
607483,IN:Q148K
607483,IN:Q148R
607486,IN:T66A
607486,IN:T66I
607486,IN:T66K
607486,IN:E92G
607486,IN:E92Q
607486,IN:G118R
607486,IN:F121Y
607486,IN:S230R
607489,IN:E92G
607489,IN:E138A
607489,IN:E138K
607489,IN:E138T
607489,IN:G140A
607489,IN:G140C
607489,IN:G140S
607489,IN:Y143C
607489,IN:Y143H
607489,IN:Y143R
607489,IN:Y143S
607489,IN:S147G
607489,IN:Q148H
607489,IN:Q148K
607489,IN:Q148R
607489,IN:N155H
607489,IN:S230R
607504,IN:G140A
607504,IN:G140C
607504,IN:G140S
607504,IN:Y143C
607504,IN:Y143H
607504,IN:Y143R
607504,IN:Y143S
607504,IN:S147G
607504,IN:Q148H
607504,IN:Q148K
607504,IN:Q148R
607525,IN:G118R
607531,IN:E92G
607531,IN:E92Q
607531,IN:G118R
607531,IN:F121Y
607531,IN:E138A
607531,IN:E138K
607531,IN:E138T
607531,IN:G140A
607531,IN:G140C
607531,IN:G140S
607531,IN:Y143C
607531,IN:Y143H
607531,IN:Y143R
607531,IN:Y143S
607531,IN:S147G
607531,IN:Q148H
607531,IN:Q148K
607531,IN:Q148R
607539,RT:L210W
607539,RT:K219E
607539,RT:K219N
607539,RT:K219Q
607539,RT:K219R
607539,RT:P225H
607539,RT:M230L
607540,IN:E138A
607540,IN:E138K
607540,IN:E138T
607540,IN:G140A
607540,IN:G140C
607540,IN:G140S
607540,IN:S230R
607588,IN:E138A
607588,IN:E138K
607588,IN:E138T
607588,IN:G140A
607588,IN:G140C
607588,IN:G140S
607596,RT:G190A
607596,RT:G190E
607596,RT:G190S
607596,RT:L210W
607596,RT:K219E
607596,RT:K219N
607596,RT:K219Q
607596,RT:K219R
607596,RT:P225H
607614,RT:M41L
607614,RT:K103N
607614,RT:K103S
607614,RT:V106A
607614,RT:V106M
607614,RT:V179F
607614,RT:Y181C
607614,RT:Y181I
607614,RT:Y181V
607614,RT:M184I
607614,RT:M184V
607614,RT:Y188C
607614,RT:Y188H
607614,RT:Y188L
607614,RT:G190A
607614,RT:G190E
607614,RT:G190S
607615,IN:E138A
607615,IN:E138K
607615,IN:E138T
607615,IN:G140A
607615,IN:G140C
607615,IN:G140S
607615,IN:Y143C
607615,IN:Y143H
607615,IN:Y143R
607615,IN:Y143S
607615,IN:S147G
607615,IN:Q148H
607615,IN:Q148K
607615,IN:Q148R
607615,IN:N155H
607626,RT:K65R
607626,RT:D67E
607626,RT:D67G
607626,RT:D67N
607626,RT:Y115F
607626,RT:F116Y
607626,RT:M184I
607626,RT:M184V
607626,RT:Y188C
607626,RT:Y188H
607626,RT:Y188L
607626,RT:K219E
607626,RT:K219N
607626,RT:K219Q
607626,RT:K219R
607627,IN:T66A
607627,IN:T66I
607627,IN:T66K
607627,IN:E92G
607627,IN:E92Q
607627,IN:N155H
607627,IN:S230R
607630,IN:G118R
607631,PR:I50L
607631,PR:I50V
607632,RT:L100I
607632,RT:K101E
607632,RT:K101P
607632,RT:K103N
607632,RT:K103S
607632,RT:V106A
607632,RT:V106M
607632,RT:Y115F
607632,RT:F116Y
607642,IN:T66A
607642,IN:T66I
607642,IN:T66K
607642,IN:F121Y
607647,RT:K65R
607647,RT:D67E
607647,RT:D67G
607647,RT:D67N
607647,RT:T69D
607647,RT:K70E
607647,RT:K70R
607647,RT:L74I
607647,RT:L74V
607647,RT:V75A
607647,RT:V75M
607647,RT:V75S
607647,RT:V75T
607647,RT:F77L
607647,RT:K219E
607647,RT:K219N
607647,RT:K219Q
607647,RT:K219R
607647,RT:P225H
607647,RT:M230L
607658,RT:Y115F
607658,RT:F116Y
607658,RT:L210W
607659,IN:G118R
607659,IN:N155H
607662,IN:T66A
607662,IN:T66I
607662,IN:T66K
607662,IN:E92G
607662,IN:E92Q
607662,IN:G118R
607662,IN:F121Y
607662,IN:E138A
607662,IN:E138K
607662,IN:E138T
607662,IN:G140A
607662,IN:G140C
607662,IN:G140S
607662,IN:Y143C
607662,IN:Y143H
607662,IN:Y143R
607662,IN:Y143S
607662,IN:S147G
607662,IN:Q148H
607662,IN:Q148K
607662,IN:Q148R
607668,IN:E138A
607668,IN:E138K
607668,IN:E138T
607668,IN:G140A
607668,IN:G140C
607668,IN:G140S
607668,IN:R263K
607695,IN:Y143C
607695,IN:Y143H
607695,IN:Y143R
607695,IN:Y143S
607695,IN:S147G
607695,IN:Q148H
607695,IN:Q148K
607695,IN:Q148R
607710,IN:G118R
607710,IN:F121Y
607710,IN:E138A
607710,IN:E138K
607710,IN:E138T
607710,IN:G140A
607710,IN:G140C
607710,IN:G140S
607710,IN:Y143C
607710,IN:Y143H
607710,IN:Y143R
607710,IN:Y143S
607710,IN:S147G
607710,IN:Q148H
607710,IN:Q148K
607710,IN:Q148R
607716,IN:T66A
607716,IN:T66I
607716,IN:T66K
607716,IN:E92G
607716,IN:E92Q
607716,IN:G118R
607716,IN:F121Y
607716,IN:E138A
607716,IN:E138K
607716,IN:E138T
607716,IN:G140A
607716,IN:G140C
607716,IN:G140S
607716,IN:Y143C
607716,IN:Y143H
607716,IN:Y143R
607716,IN:Y143S
607716,IN:S147G
607716,IN:Q148H
607716,IN:Q148K
607716,IN:Q148R
607716,IN:N155H
607716,IN:S230R
607748,IN:E92G
607748,IN:E92Q
607748,IN:G118R
607748,IN:F121Y
607748,IN:E138A
607748,IN:E138K
607748,IN:E138T
607748,IN:G140A
607748,IN:G140C
607748,IN:G140S
607748,IN:Y143C
607748,IN:Y143H
607748,IN:Y143R
607748,IN:Y143S
607748,IN:S147G
607748,IN:Q148H
607748,IN:Q148K
607748,IN:Q148R
607748,IN:N155H
607748,IN:S230R
607777,IN:E92G
607777,IN:E92Q
607800,RT:M41L
607800,RT:K65R
607800,RT:D67E
607800,RT:D67G
607800,RT:D67N
607800,RT:T69D
607800,RT:K70E
607800,RT:K70R
607801,IN:E92G
607801,IN:E92Q
607801,IN:G118R
607801,IN:F121Y
607850,PR:M46I
607850,PR:M46L
607850,PR:I47A
607850,PR:I47V
607850,PR:G48M
607850,PR:G48V
607850,PR:I50L
607850,PR:I50V
607850,PR:F53L
607850,PR:F53Y
607850,PR:I54A
607850,PR:I54L
607850,PR:I54M
607850,PR:I54S
607850,PR:I54T
607850,PR:I54V
607851,RT:M184I
607851,RT:M184V
607852,IN:Q148H
607852,IN:Q148K
607852,IN:Q148R
607852,IN:R263K
607861,IN:G118R
607861,IN:F121Y
607894,IN:G118R
607894,IN:N155H
607902,RT:K65R
607902,RT:D67E
607902,RT:D67G
607902,RT:D67N
607902,RT:L100I
607902,RT:K101E
607902,RT:K101P
607902,RT:K103N
607902,RT:K103S
607902,RT:V106A
607902,RT:V106M
607902,RT:Y115F
607902,RT:F116Y
607903,IN:T66A
607903,IN:T66I
607903,IN:T66K
607903,IN:E92G
607903,IN:E92Q
607903,IN:G118R
607903,IN:F121Y
607903,IN:E138A
607903,IN:E138K
607903,IN:E138T
607903,IN:G140A
607903,IN:G140C
607903,IN:G140S
607903,IN:Y143C
607903,IN:Y143H
607903,IN:Y143R
607903,IN:Y143S
607903,IN:S147G
607903,IN:Q148H
607903,IN:Q148K
607903,IN:Q148R
607903,IN:N155H
607906,IN:E92G
607906,IN:E92Q
607906,IN:G118R
607906,IN:F121Y
607906,IN:E138A
607906,IN:E138K
607906,IN:E138T
607906,IN:G140A
607906,IN:G140C
607906,IN:G140S
607906,IN:Y143C
607906,IN:Y143H
607906,IN:Y143R
607906,IN:Y143S
607906,IN:S147G
607906,IN:Q148H
607906,IN:Q148K
607906,IN:Q148R
607906,IN:N155H
607906,IN:S230R
607910,PR:D30N
607910,PR:V32I
607910,PR:M46I
607910,PR:M46L
607910,PR:I47A
607910,PR:I47V
607910,PR:G48M
607910,PR:G48V
607910,PR:I50L
607910,PR:I50V
607910,PR:I85V
607910,PR:N88D
607910,PR:N88S
607910,PR:L90M
607911,RT:M41L
607911,RT:K65R
607911,RT:D67E
607911,RT:D67G
607911,RT:D67N
607911,RT:T69D
607911,RT:K70E
607911,RT:K70R
607911,RT:L74I
607911,RT:L74V
607911,RT:V75A
607911,RT:V75M
607911,RT:V75S
607911,RT:V75T
607911,RT:F77L
607911,RT:L100I
607911,RT:K101E
607911,RT:K101P
607911,RT:K103N
607911,RT:K103S
607911,RT:Q151M
607911,RT:M184I
607911,RT:Y188C
607911,RT:Y188H
607911,RT:Y188L
607911,RT:G190A
607911,RT:G190E
607911,RT:G190S
607912,IN:G118R
607912,IN:F121Y
607912,IN:E138A
607912,IN:E138K
607912,IN:E138T
607912,IN:G140A
607912,IN:G140C
607912,IN:G140S
607912,IN:S230R
607917,RT:K65R
607917,RT:D67E
607917,RT:D67G
607917,RT:D67N
607917,RT:T69D
607917,RT:K70E
607917,RT:K70R
607917,RT:L74I
607917,RT:L74V
607917,RT:V75A
607917,RT:V75M
607917,RT:V75S
607917,RT:V75T
607917,RT:F77L
607917,RT:V179F
607917,RT:Y181C
607917,RT:Y181I
607917,RT:Y181V
607917,RT:M184I
607917,RT:M184V
607917,RT:Y188C
607917,RT:Y188H
607917,RT:Y188L
607917,RT:G190A
607917,RT:G190E
607917,RT:G190S
607917,RT:L210W
607917,RT:K219E
607917,RT:K219N
607917,RT:K219Q
607917,RT:K219R
607917,RT:P225H
607918,IN:T66A
607918,IN:T66I
607918,IN:T66K
607918,IN:E92G
607918,IN:E92Q
607918,IN:G118R
607918,IN:F121Y
607941,RT:T215I
607941,RT:T215S
607942,IN:N155H
607956,RT:K65R
607956,RT:D67E
607956,RT:D67G
607956,RT:D67N
607956,RT:T69D
607956,RT:K70E
607956,RT:K70R
607956,RT:L74I
607956,RT:L74V
607956,RT:V75A
607956,RT:V75M
607956,RT:V75S
607956,RT:V75T
607956,RT:F77L
607956,RT:K219E
607956,RT:K219N
607956,RT:K219Q
607956,RT:K219R
607956,RT:P225H
607956,RT:M230L
607957,IN:T66A
607957,IN:T66I
607957,IN:T66K
607957,IN:G118R
607957,IN:F121Y
607987,IN:G118R
607987,IN:F121Y
608020,IN:T66A
608020,IN:T66I
608020,IN:T66K
608020,IN:E138A
608020,IN:E138K
608020,IN:E138T
608020,IN:G140A
608020,IN:G140C
608020,IN:G140S
608020,IN:Y143C
608020,IN:Y143H
608020,IN:Y143R
608020,IN:Y143S
608020,IN:S147G
608020,IN:Q148H
608020,IN:Q148K
608020,IN:Q148R
608023,IN:E138K
608047,IN:E138A
608047,IN:E138K
608047,IN:E138T
608047,IN:G140A
608047,IN:G140C
608047,IN:G140S
608047,IN:Y143C
608047,IN:Y143H
608047,IN:Y143R
608047,IN:Y143S
608047,IN:S147G
608047,IN:Q148H
608047,IN:Q148K
608047,IN:Q148R
608047,IN:N155H
608059,IN:G118R
608077,IN:F121Y
608086,IN:G118R
608086,IN:F121Y
608086,IN:E138A
608086,IN:E138K
608086,IN:E138T
608086,IN:G140A
608086,IN:G140C
608086,IN:G140S
608086,IN:Y143C
608086,IN:Y143H
608086,IN:Y143R
608086,IN:Y143S
608086,IN:S147G
608086,IN:Q148H
608086,IN:Q148K
608086,IN:Q148R
608086,IN:N155H
608095,IN:T66A
608095,IN:T66I
608095,IN:T66K
608127,RT:K65R
608127,RT:D67E
608127,RT:D67G
608127,RT:D67N
608127,RT:T69D
608127,RT:K70E
608127,RT:K70R
608127,RT:L74I
608127,RT:L74V
608127,RT:V75A
608127,RT:V75M
608127,RT:V75S
608127,RT:V75T
608127,RT:V179F
608127,RT:L210W
608127,RT:P225H
608127,RT:M230L
608128,IN:E92G
608128,IN:E92Q
608128,IN:G118R
608128,IN:F121Y
608128,IN:E138A
608128,IN:E138K
608128,IN:E138T
608128,IN:G140A
608128,IN:G140C
608128,IN:G140S
608128,IN:Y143C
608128,IN:Y143H
608128,IN:Y143R
608128,IN:Y143S
608128,IN:S147G
608128,IN:Q148H
608128,IN:Q148K
608128,IN:Q148R
608143,IN:E138A
608143,IN:E138K
608143,IN:E138T
608143,IN:G140A
608143,IN:G140C
608143,IN:G140S
608143,IN:Y143C
608143,IN:Y143H
608143,IN:Y143R
608143,IN:Y143S
608143,IN:S147G
608143,IN:Q148H
608143,IN:Q148K
608143,IN:Q148R
608154,RT:L74I
608154,RT:L74V
608154,RT:V75A
608154,RT:V75M
608154,RT:V75S
608154,RT:V75T
608154,RT:F77L
608154,RT:L210W
608155,IN:E92G
608155,IN:E92Q
608155,IN:G118R
608155,IN:F121Y
608155,IN:Q148H
608155,IN:N155H
608155,IN:S230R
608205,RT:M230L
608206,IN:T66A
608206,IN:T66I
608206,IN:T66K
608206,IN:E138A
608206,IN:E138K
608206,IN:E138T
608206,IN:G140A
608206,IN:G140C
608206,IN:G140S
608206,IN:Y143C
608206,IN:Y143H
608206,IN:Y143R
608206,IN:Y143S
608206,IN:S147G
608206,IN:Q148H
608206,IN:Q148K
608206,IN:Q148R
608211,RT:G190E
608230,IN:E92G
608230,IN:E92Q
608230,IN:G118R
608230,IN:F121Y
608230,IN:N155H
608242,IN:T66A
608242,IN:T66I
608242,IN:T66K
608242,IN:G118R
608242,IN:S147G
608242,IN:Q148H
608242,IN:Q148K
608242,IN:Q148R
608242,IN:N155H
608251,IN:G118R
608251,IN:F121Y
608251,IN:E138A
608251,IN:E138K
608251,IN:E138T
608251,IN:G140A
608251,IN:G140C
608251,IN:G140S
608251,IN:Y143C
608251,IN:Y143H
608251,IN:Y143R
608251,IN:Y143S
608251,IN:S147G
608251,IN:Q148H
608251,IN:Q148K
608251,IN:Q148R
608251,IN:N155H
608275,IN:G118R
608275,IN:F121Y
608278,IN:G118R
608278,IN:F121Y
608278,IN:N155H
608308,IN:S147G
608308,IN:Q148H
608308,IN:Q148K
608308,IN:Q148R
608308,IN:S230R
608314,IN:T66A
608314,IN:T66I
608314,IN:T66K
608314,IN:G118R
608329,IN:E138A
608329,IN:E138K
608329,IN:E138T
608329,IN:G140A
608329,IN:G140C
608329,IN:G140S
608329,IN:Y143C
608329,IN:Y143H
608329,IN:Y143R
608329,IN:Y143S
608335,IN:T66A
608335,IN:T66I
608335,IN:T66K
608335,IN:G118R
608335,IN:F121Y
608335,IN:E138A
608335,IN:E138K
608335,IN:E138T
608335,IN:G140A
608335,IN:G140C
608335,IN:G140S
608335,IN:Y143C
608335,IN:Y143H
608335,IN:Y143R
608335,IN:Y143S
608335,IN:S147G
608335,IN:Q148H
608335,IN:Q148K
608335,IN:Q148R
608335,IN:N155H
608335,IN:S230R
608362,IN:T66A
608362,IN:T66I
608362,IN:T66K
608362,IN:E92G
608362,IN:E92Q
608362,IN:E138A
608362,IN:E138K
608362,IN:E138T
608362,IN:G140A
608362,IN:G140C
608362,IN:G140S
608362,IN:Y143C
608362,IN:Y143H
608362,IN:Y143R
608362,IN:Y143S
608362,IN:S147G
608362,IN:Q148H
608362,IN:Q148K
608362,IN:Q148R
608368,IN:N155H
608368,IN:S230R
608377,IN:E92G
608377,IN:E92Q
608377,IN:G118R
608377,IN:F121Y
608377,IN:E138A
608377,IN:E138K
608377,IN:E138T
608377,IN:G140A
608377,IN:G140C
608377,IN:G140S
608377,IN:Y143C
608377,IN:Y143H
608377,IN:Y143R
608377,IN:Y143S
608377,IN:S147G
608377,IN:Q148H
608377,IN:Q148K
608377,IN:Q148R
608377,IN:N155H
608377,IN:S230R
608424,RT:M41L
608443,IN:F121Y
608443,IN:E138A
608443,IN:E138K
608443,IN:E138T
608443,IN:G140A
608443,IN:G140C
608443,IN:G140S
608446,IN:T66A
608446,IN:T66I
608446,IN:T66K
608446,IN:E92G
608446,IN:E92Q
608446,IN:G118R
608446,IN:E138A
608446,IN:E138K
608446,IN:E138T
608446,IN:G140A
608446,IN:G140C
608446,IN:G140S
608446,IN:Y143C
608446,IN:Y143H
608446,IN:Y143R
608446,IN:Y143S
608446,IN:S147G
608446,IN:Q148H
608446,IN:Q148K
608446,IN:Q148R
608464,IN:F121Y
608466,RT:L210W
608466,RT:K219E
608466,RT:K219N
608466,RT:K219Q
608466,RT:K219R
608466,RT:P225H
608470,IN:G118R
608470,IN:S230R
608476,IN:G118R
608476,IN:F121Y
608518,IN:F121Y
608518,IN:E138A
608518,IN:E138K
608518,IN:E138T
608518,IN:G140A
608518,IN:G140C
608518,IN:G140S
608518,IN:Y143C
608518,IN:Y143H
608518,IN:Y143R
608518,IN:Y143S
608518,IN:S147G
608518,IN:Q148H
608518,IN:Q148K
608518,IN:Q148R
608536,IN:S230R
608539,IN:E92G
608539,IN:E92Q
608551,IN:N155H
608557,IN:E138A
608557,IN:E138K
608557,IN:E138T
608560,IN:G118R
608560,IN:F121Y
608560,IN:E138A
608560,IN:E138K
608560,IN:E138T
608560,IN:G140A
608560,IN:G140C
608560,IN:G140S
608590,IN:N155H
608590,IN:S230R
608602,IN:E92G
608602,IN:E92Q
608602,IN:G118R
608602,IN:F121Y
608602,IN:E138A
608602,IN:E138K
608602,IN:E138T
608602,IN:G140A
608602,IN:G140C
608602,IN:G140S
608602,IN:Y143C
608602,IN:Y143H
608602,IN:Y143R
608602,IN:Y143S
608614,IN:S230R
608623,IN:T66A
608623,IN:T66I
608623,IN:T66K
608623,IN:E92G
608623,IN:E92Q
608623,IN:E138A
608623,IN:E138K
608623,IN:E138T
608623,IN:G140A
608623,IN:G140C
608623,IN:G140S
608623,IN:Y143C
608623,IN:Y143H
608623,IN:Y143R
608623,IN:Y143S
608623,IN:S147G
608623,IN:Q148H
608623,IN:Q148K
608623,IN:Q148R
608623,IN:S230R
608643,RT:K219E
608643,RT:K219N
608643,RT:K219Q
608643,RT:K219R
608649,RT:M41L
608649,RT:L100I
608649,RT:K101E
608649,RT:K101P
608649,RT:K103N
608649,RT:K103S
608649,RT:V106A
608649,RT:V106M
608649,RT:Y115F
608649,RT:F116Y
608649,RT:Q151M
608649,RT:G190A
608649,RT:G190E
608649,RT:G190S
608703,IN:S230R
608733,IN:E138A
608733,IN:E138K
608733,IN:E138T
608733,IN:G140A
608733,IN:G140C
608733,IN:G140S
608733,IN:Y143C
608733,IN:Y143H
608733,IN:Y143R
608733,IN:Y143S
608733,IN:S147G
608733,IN:Q148H
608733,IN:Q148K
608733,IN:Q148R
608733,IN:N155H
608754,IN:E92G
608754,IN:E92Q
608754,IN:G118R
608754,IN:F121Y
608754,IN:E138A
608754,IN:E138K
608754,IN:E138T
608754,IN:G140A
608754,IN:G140C
608754,IN:G140S
608754,IN:Y143C
608754,IN:Y143H
608754,IN:Y143R
608754,IN:Y143S
608754,IN:S147G
608754,IN:Q148H
608754,IN:Q148K
608754,IN:Q148R
608754,IN:N155H
608772,IN:N155H
608781,IN:G140A
608781,IN:G140C
608781,IN:G140S
608781,IN:Y143C
608781,IN:Y143H
608781,IN:Y143R
608781,IN:Y143S
608781,IN:S147G
608781,IN:Q148H
608781,IN:Q148K
608781,IN:Q148R
608781,IN:N155H
608832,IN:T66A
608832,IN:T66I
608832,IN:T66K
608832,IN:G118R
608832,IN:F121Y
608832,IN:S230R
608910,IN:T66A
608910,IN:T66I
608910,IN:T66K
608910,IN:E92G
608910,IN:E92Q
608910,IN:G118R
608910,IN:F121Y
608910,IN:N155H
608919,IN:S147G
608919,IN:Q148H
608919,IN:Q148K
608919,IN:Q148R
608937,IN:F121Y
608937,IN:N155H
608958,IN:S230R
609009,IN:G118R
609009,IN:F121Y
609009,IN:N155H
609021,IN:G118R
609021,IN:F121Y
609021,IN:E138A
609021,IN:E138K
609021,IN:E138T
609050,RT:L100I
609050,RT:K101E
609050,RT:K101P
609050,RT:K103N
609050,RT:K103S
609050,RT:V106A
609051,IN:E92G
609051,IN:E92Q
609051,IN:Q148H
609051,IN:Q148K
609051,IN:Q148R
609051,IN:N155H
609056,RT:Y188C
609056,RT:Y188H
609056,RT:Y188L
609057,IN:F121Y
609057,IN:E138A
609057,IN:E138K
609057,IN:E138T
609057,IN:G140A
609057,IN:G140C
609057,IN:G140S
609057,IN:Y143C
609057,IN:Y143H
609057,IN:Y143R
609057,IN:Y143S
609057,IN:N155H
609059,RT:D67E
609059,RT:D67G
609059,RT:T69D
609059,RT:K70E
609059,RT:K70R
609059,RT:L74I
609059,RT:L74V
609059,RT:V75A
609059,RT:V75M
609059,RT:V75S
609059,RT:V75T
609059,RT:F77L
609060,IN:E138A
609060,IN:E138K
609060,IN:E138T
609060,IN:G140A
609060,IN:G140C
609060,IN:G140S
609060,IN:Y143C
609060,IN:Y143H
609060,IN:Y143R
609060,IN:Y143S
609081,IN:E138A
609081,IN:E138K
609081,IN:E138T
609081,IN:G140A
609081,IN:G140C
609081,IN:G140S
609081,IN:Y143C
609081,IN:Y143H
609081,IN:Y143R
609081,IN:Y143S
609081,IN:S147G
609081,IN:Q148H
609081,IN:Q148K
609081,IN:Q148R
609081,IN:N155H
609081,IN:S230R
609098,RT:K65R
609098,RT:D67E
609098,RT:D67G
609098,RT:D67N
609098,RT:T69D
609098,RT:K70E
609098,RT:K70R
609098,RT:L74I
609098,RT:L74V
609098,RT:V75A
609098,RT:V75M
609098,RT:V75S
609098,RT:V75T
609098,RT:F77L
609098,RT:L100I
609098,RT:K101E
609098,RT:K101P
609098,RT:Q151M
609098,RT:V179F
609098,RT:Y181C
609098,RT:Y181I
609098,RT:Y181V
609098,RT:M184I
609098,RT:M184V
609098,RT:Y188C
609098,RT:Y188H
609098,RT:Y188L
609098,RT:G190A
609098,RT:G190E
609098,RT:G190S
609098,RT:L210W
609098,RT:K219E
609098,RT:K219N
609098,RT:K219Q
609098,RT:K219R
609098,RT:P225H
609099,IN:N155H
609099,IN:S230R
609125,RT:M230L
609126,IN:F121Y
609126,IN:N155H
609126,IN:S230R
609188,RT:M41L
609188,RT:K65R
609188,RT:D67E
609188,RT:D67G
609188,RT:D67N
609188,RT:T69D
609188,RT:K70E
609188,RT:K70R
609188,RT:L74I
609188,RT:L74V
609188,RT:L100I
609188,RT:K101E
609188,RT:K101P
609188,RT:K103N
609188,RT:K103S
609188,RT:V106A
609188,RT:V106M
609188,RT:Q151M
609188,RT:P225H
609188,RT:M230L
609206,IN:F121Y
609218,IN:E92G
609218,IN:E92Q
609218,IN:E138A
609218,IN:E138K
609218,IN:E138T
609236,IN:N155H
609265,RT:L100I
609265,RT:K101E
609265,RT:K101P
609265,RT:K103N
609265,RT:K103S
609265,RT:V106A
609265,RT:M184I
609265,RT:M184V
609265,RT:Y188C
609265,RT:Y188H
609265,RT:Y188L
609265,RT:G190A
609265,RT:G190E
609265,RT:G190S
609265,RT:L210W
609314,IN:E92G
609314,IN:E92Q
609314,IN:G118R
609314,IN:F121Y
609314,IN:E138A
609314,IN:E138K
609314,IN:E138T
609314,IN:G140A
609314,IN:G140C
609314,IN:G140S
609314,IN:Y143C
609314,IN:Y143H
609314,IN:Y143R
609314,IN:Y143S
609314,IN:S147G
609319,RT:K219E
609319,RT:K219N
609319,RT:K219Q
609319,RT:K219R
609320,IN:E92G
609320,IN:E92Q
609328,RT:L100I
609328,RT:K101E
609328,RT:K101P
609328,RT:K103N
609328,RT:K103S
609328,RT:V106A
609328,RT:V106M
609328,RT:L210W
609328,RT:K219E
609328,RT:K219N
609328,RT:K219Q
609328,RT:K219R
609333,RT:D67E
609333,RT:D67G
609333,RT:T69D
609333,RT:K70E
609333,RT:K70R
609333,RT:L74I
609333,RT:L74V
609333,RT:V75A
609333,RT:V75M
609333,RT:V75S
609333,RT:V75T
609333,RT:F77L
609333,RT:L210W
609340,IN:F121Y
609349,IN:E92G
609349,IN:E92Q
609349,IN:G118R
609349,IN:F121Y
609349,IN:E138A
609349,IN:E138K
609349,IN:E138T
609349,IN:G140A
609349,IN:G140C
609349,IN:G140S
609349,IN:Y143C
609349,IN:Y143H
609349,IN:Y143R
609349,IN:Y143S
609349,IN:S147G
609349,IN:Q148H
609349,IN:Q148K
609349,IN:Q148R
609349,IN:N155H
609360,RT:M41L
609360,RT:K65R
609360,RT:D67E
609360,RT:D67G
609360,RT:D67N
609360,RT:T69D
609360,RT:K70E
609360,RT:K70R
609360,RT:L100I
609360,RT:K101E
609360,RT:K101P
609360,RT:K103N
609360,RT:K103S
609360,RT:Q151M
609360,RT:V179F
609360,RT:Y181C
609360,RT:Y181I
609360,RT:Y181V
609360,RT:M230L
609361,IN:E92G
609361,IN:E92Q
609361,IN:Y143C
609361,IN:Y143H
609361,IN:Y143R
609361,IN:Y143S
609361,IN:S147G
609361,IN:Q148H
609361,IN:Q148K
609361,IN:Q148R
609361,IN:N155H
609367,IN:G118R
609367,IN:F121Y
609367,IN:E138A
609367,IN:E138K
609367,IN:E138T
609367,IN:G140A
609367,IN:G140C
609367,IN:G140S
609367,IN:Y143C
609367,IN:Y143H
609367,IN:Y143R
609367,IN:Y143S
609367,IN:S147G
609367,IN:Q148H
609367,IN:Q148K
609367,IN:Q148R
609391,IN:S230R
609394,IN:S230R
609400,IN:T66A
609400,IN:T66I
609400,IN:T66K
609408,RT:L210W
609409,IN:G118R
609409,IN:F121Y
609409,IN:E138A
609409,IN:E138K
609409,IN:E138T
609409,IN:G140A
609409,IN:G140C
609409,IN:G140S
609409,IN:Y143C
609409,IN:Y143H
609409,IN:Y143R
609409,IN:Y143S
609409,IN:S147G
609409,IN:Q148H
609409,IN:Q148K
609409,IN:Q148R
609409,IN:S230R
609411,RT:V179F
609411,RT:Y181C
609411,RT:Y181I
609411,RT:Y181V
609416,RT:L100I
609416,RT:L210W
609420,IN:F121Y
609464,RT:K101E
609488,RT:L210W
609488,RT:K219E
609488,RT:K219N
609488,RT:K219Q
609488,RT:K219R
609488,RT:P225H
609488,RT:M230L
609495,IN:S230R
609533,RT:M41L
609533,RT:D67E
609533,RT:D67G
609533,RT:D67N
609533,RT:T69D
609533,RT:K70E
609533,RT:K70R
609533,RT:L74I
609533,RT:L74V
609533,RT:V75A
609533,RT:V75M
609533,RT:V75S
609533,RT:V75T
609533,RT:F77L
609533,RT:L100I
609533,RT:K101E
609533,RT:K101P
609533,RT:K103N
609533,RT:K103S
609533,RT:V106A
609533,RT:V106M
609533,RT:Y115F
609533,RT:F116Y
609533,RT:L210W
609603,IN:E92G
609603,IN:E92Q
609618,IN:T66A
609618,IN:T66I
609618,IN:T66K
609618,IN:E92G
609618,IN:E92Q
609621,IN:E138A
609621,IN:E138K
609621,IN:E138T
609621,IN:G140A
609621,IN:G140C
609621,IN:G140S
609621,IN:Y143C
609621,IN:Y143H
609621,IN:Y143R
609621,IN:Y143S
609626,RT:L210W
609627,IN:E92G
609627,IN:E92Q
609627,IN:S147G
609627,IN:Q148H
609627,IN:Q148K
609627,IN:Q148R
609636,IN:N155H
609681,IN:S230R
609690,IN:G118R
609699,IN:G118R
609699,IN:F121Y
609699,IN:S230R
609705,IN:G118R
609705,IN:F121Y
609724,RT:M41L
609746,IN:F121Y
609760,RT:Q151M
609760,RT:L210W
609760,RT:K219E
609760,RT:K219N
609760,RT:K219Q
609760,RT:K219R
609760,RT:P225H
609760,RT:M230L
609764,IN:T66A
609764,IN:T66I
609764,IN:T66K
609764,IN:E92G
609764,IN:E92Q
609764,IN:Y143C
609764,IN:Y143H
609764,IN:Y143R
609764,IN:Y143S
609764,IN:S147G
609764,IN:Q148H
609764,IN:Q148K
609764,IN:Q148R
609767,IN:E92G
609767,IN:E92Q
609767,IN:G118R
609767,IN:N155H
609767,IN:S230R
609785,IN:S230R
609802,RT:V179F
609841,RT:T215I
609841,RT:T215S
609842,IN:G118R
609842,IN:F121Y
609842,IN:S230R
609851,IN:T66A
609875,IN:T66A
609875,IN:T66I
609875,IN:T66K
609875,IN:E138A
609875,IN:E138K
609875,IN:E138T
609875,IN:G140A
609875,IN:G140C
609875,IN:G140S
609875,IN:Y143C
609875,IN:Y143H
609875,IN:Y143R
609875,IN:Y143S
609875,IN:S147G
609875,IN:Q148H
609875,IN:Q148K
609875,IN:Q148R
609875,IN:N155H
609883,RT:K219E
609883,RT:K219N
609883,RT:K219Q
609883,RT:K219R
609883,RT:P225H
609883,RT:M230L
609884,IN:N155H
609884,IN:S230R
609890,IN:E92G
609890,IN:E92Q
609890,IN:G118R
609890,IN:F121Y
609898,IN:G118R
609898,IN:F121Y
609898,IN:E138A
609898,IN:E138K
609898,IN:E138T
609898,IN:G140A
609898,IN:G140C
609898,IN:G140S
609898,IN:Y143C
609898,IN:Y143H
609898,IN:Y143R
609898,IN:Y143S
609898,IN:S147G
609907,IN:E138A
609907,IN:E138K
609907,IN:E138T
609907,IN:G140A
609907,IN:G140C
609907,IN:G140S
609907,IN:Y143C
609907,IN:Y143H
609907,IN:Y143R
609907,IN:Y143S
609907,IN:S147G
609907,IN:Q148H
609907,IN:Q148K
609907,IN:Q148R
609907,IN:N155H
609955,IN:E138A
609955,IN:E138K
609955,IN:E138T
609955,IN:G140A
609955,IN:G140C
609955,IN:G140S
609955,IN:Y143C
609955,IN:Y143H
609955,IN:Y143R
609955,IN:Y143S
609955,IN:S147G
609955,IN:Q148H
609955,IN:Q148K
609955,IN:Q148R
609955,IN:S230R
609981,RT:T215D
609994,IN:E92G
609994,IN:E92Q
609994,IN:G118R
609994,IN:F121Y
609994,IN:E138A
609994,IN:E138K
609994,IN:E138T
609994,IN:G140A
609994,IN:G140C
609994,IN:G140S
609994,IN:Y143C
609994,IN:Y143H
609994,IN:Y143R
609994,IN:Y143S
609994,IN:S147G
609994,IN:Q148H
609994,IN:Q148K
609994,IN:Q148R
609994,IN:N155H
609994,IN:S230R
610009,IN:G118R
610009,IN:F121Y
610009,IN:E138A
610009,IN:E138K
610009,IN:E138T
610009,IN:G140A
610009,IN:G140C
610009,IN:G140S
610009,IN:Y143C
610009,IN:Y143H
610009,IN:Y143R
610009,IN:Y143S
610009,IN:S147G
610009,IN:Q148H
610009,IN:Q148K
610009,IN:Q148R
610009,IN:N155H
610027,IN:T66A
610027,IN:T66I
610027,IN:T66K
610027,IN:E92G
610027,IN:E92Q
610027,IN:G118R
610027,IN:F121Y
610027,IN:E138A
610027,IN:E138K
610027,IN:E138T
610027,IN:G140A
610027,IN:G140C
610027,IN:G140S
610027,IN:Y143C
610027,IN:Y143H
610027,IN:Y143R
610027,IN:Y143S
610027,IN:S147G
610027,IN:Q148H
610027,IN:Q148K
610027,IN:Q148R
610038,RT:L210W
610038,RT:K219E
610038,RT:K219N
610038,RT:K219Q
610038,RT:K219R
610038,RT:P225H
610038,RT:M230L
610053,IN:S147G
610053,IN:Q148H
610053,IN:Q148K
610053,IN:Q148R
610064,RT:G190A
610064,RT:G190E
610064,RT:G190S
610065,IN:G118R
610065,IN:F121Y
610086,IN:G118R
610089,IN:E92G
610089,IN:E92Q
610089,IN:N155H
610101,IN:S230R
610127,RT:K65R
610127,RT:D67E
610127,RT:D67G
610127,RT:D67N
610127,RT:V106A
610127,RT:V106M
610127,RT:Y115F
610127,RT:F116Y
610127,RT:Y188C
610127,RT:Y188H
610127,RT:Y188L
610127,RT:G190A
610127,RT:G190E
610127,RT:G190S
610127,RT:L210W
610127,RT:K219E
610127,RT:K219N
610127,RT:K219Q
610127,RT:K219R
610127,RT:P225H
610128,IN:G118R
610128,IN:F121Y
610128,IN:E138A
610128,IN:E138K
610128,IN:E138T
610128,IN:G140A
610128,IN:G140C
610128,IN:G140S
610128,IN:Y143C
610128,IN:Y143H
610128,IN:Y143R
610128,IN:Y143S
610128,IN:S147G
610128,IN:Q148H
610128,IN:Q148K
610128,IN:Q148R
610128,IN:N155H
610140,IN:E92G
610140,IN:E92Q
610140,IN:S230R
610148,RT:K65R
610148,RT:D67E
610148,RT:D67G
610148,RT:D67N
610148,RT:T69D
610148,RT:K70E
610148,RT:K70R
610148,RT:L74I
610148,RT:L74V
610148,RT:V75A
610148,RT:V75M
610148,RT:V75S
610148,RT:V75T
610148,RT:Q151M
610149,IN:T66A
610149,IN:T66I
610149,IN:T66K
610149,IN:G118R
610149,IN:F121Y
610149,IN:E138A
610149,IN:E138K
610149,IN:E138T
610149,IN:G140A
610149,IN:G140C
610149,IN:G140S
610149,IN:Y143C
610149,IN:Y143H
610149,IN:Y143R
610149,IN:Y143S
610149,IN:S147G
610149,IN:Q148H
610149,IN:Q148K
610149,IN:Q148R
610149,IN:N155H
610149,IN:S230R
610155,IN:E92G
610155,IN:E92Q
610172,RT:K65R
610172,RT:D67E
610172,RT:D67G
610172,RT:D67N
610172,RT:T69D
610172,RT:K70E
610172,RT:K70R
610172,RT:L74I
610172,RT:L74V
610172,RT:V75A
610172,RT:V75M
610172,RT:V75S
610172,RT:V75T
610172,RT:F77L
610185,IN:G118R
610185,IN:F121Y
610185,IN:E138A
610185,IN:E138K
610185,IN:E138T
610185,IN:G140A
610185,IN:G140C
610185,IN:G140S
610215,IN:E138A
610215,IN:E138K
610215,IN:E138T
610215,IN:G140A
610215,IN:G140C
610215,IN:G140S
610218,IN:S230R
610265,RT:L210W
610271,RT:T69D
610271,RT:K70E
610271,RT:K70R
610272,IN:T66A
610272,IN:T66I
610272,IN:T66K
610272,IN:E92G
610272,IN:E92Q
610272,IN:E138A
610272,IN:E138K
610272,IN:E138T
610272,IN:G140A
610272,IN:G140C
610272,IN:G140S
610272,IN:Y143C
610272,IN:Y143H
610272,IN:Y143R
610272,IN:Y143S
610272,IN:S147G
610272,IN:Q148H
610272,IN:Q148K
610272,IN:Q148R
610272,IN:N155H
610281,IN:R263K
610314,IN:G118R
610314,IN:F121Y
610326,IN:N155H
610329,IN:N155H
610365,IN:T66A
610365,IN:T66I
610365,IN:T66K
610365,IN:N155H
610365,IN:S230R
610395,IN:G118R
610395,IN:F121Y
610395,IN:E138A
610395,IN:E138K
610395,IN:E138T
610395,IN:G140A
610395,IN:G140C
610395,IN:G140S
610395,IN:Y143C
610395,IN:Y143H
610395,IN:Y143R
610395,IN:Y143S
610395,IN:S147G
610395,IN:Q148H
610395,IN:Q148K
610395,IN:Q148R
610415,RT:Q151M
610415,RT:V179F
610415,RT:Y181C
610415,RT:Y181I
610415,RT:Y181V
610415,RT:M184I
610415,RT:M184V
610415,RT:Y188C
610415,RT:Y188H
610415,RT:Y188L
610415,RT:G190A
610415,RT:G190E
610415,RT:G190S
610462,IN:F121Y
610462,IN:E138A
610462,IN:E138K
610462,IN:E138T
610462,IN:G140A
610462,IN:G140C
610462,IN:G140S
610462,IN:Y143C
610462,IN:Y143H
610462,IN:Y143R
610462,IN:Y143S
610462,IN:S147G
610462,IN:Q148H
610462,IN:Q148K
610462,IN:Q148R
610462,IN:N155H
610468,IN:T66A
610468,IN:T66I
610468,IN:T66K
610468,IN:E92G
610468,IN:E92Q
610468,IN:G118R
610468,IN:F121Y
610468,IN:E138A
610468,IN:E138K
610468,IN:E138T
610468,IN:G140A
610468,IN:G140C
610468,IN:G140S
610468,IN:Y143C
610468,IN:Y143H
610468,IN:Y143R
610468,IN:Y143S
610468,IN:S147G
610468,IN:Q148H
610468,IN:Q148K
610468,IN:Q148R
610468,IN:N155H
610474,IN:T66A
610474,IN:T66I
610474,IN:T66K
610486,IN:G118R
610486,IN:F121Y
610527,RT:D67N
610527,RT:T69D
610527,RT:Y188C
610527,RT:Y188H
610527,RT:Y188L
610527,RT:G190A
610527,RT:G190E
610527,RT:G190S
610536,IN:E138A
610536,IN:E138K
610536,IN:E138T
610536,IN:G140A
610536,IN:G140C
610536,IN:G140S
610536,IN:Y143C
610536,IN:Y143H
610536,IN:Y143R
610536,IN:Y143S
610536,IN:S147G
610536,IN:Q148H
610536,IN:Q148K
610536,IN:Q148R
610536,IN:S230R
610560,IN:G118R
610560,IN:F121Y
610560,IN:E138A
610560,IN:E138K
610560,IN:E138T
610560,IN:G140A
610560,IN:G140C
610560,IN:G140S
610560,IN:S230R
610569,IN:Q148H
610569,IN:Q148K
610569,IN:Q148R
610569,IN:N155H
610576,PR:G48V
610576,PR:I50L
610576,PR:I50V
610577,RT:M41L
610577,RT:L100I
610577,RT:K101E
610577,RT:K101P
610577,RT:K103N
610577,RT:K103S
610577,RT:Y188C
610577,RT:Y188H
610577,RT:Y188L
610577,RT:G190A
610577,RT:G190E
610577,RT:G190S
610577,RT:L210W
610577,RT:K219E
610577,RT:K219N
610577,RT:K219Q
610577,RT:K219R
610578,IN:E138A
610578,IN:E138K
610578,IN:E138T
610578,IN:G140A
610578,IN:G140C
610578,IN:G140S
610578,IN:Y143C
610578,IN:Y143H
610578,IN:Y143R
610578,IN:Y143S
610578,IN:S147G
610578,IN:Q148H
610578,IN:Q148K
610578,IN:Q148R
610578,IN:N155H
610587,IN:E138A
610587,IN:E138K
610587,IN:E138T
610587,IN:S230R
610592,RT:V179F
610593,IN:E138A
610593,IN:E138K
610593,IN:E138T
610593,IN:G140A
610593,IN:G140C
610593,IN:G140S
610593,IN:Y143C
610593,IN:Y143H
610593,IN:Y143R
610593,IN:Y143S
610593,IN:S147G
610593,IN:Q148H
610593,IN:Q148K
610593,IN:Q148R
610593,IN:N155H
610596,IN:T66A
610596,IN:T66I
610596,IN:T66K
610596,IN:E92Q
610596,IN:G118R
610596,IN:F121Y
610596,IN:E138A
610596,IN:E138K
610596,IN:E138T
610596,IN:G140A
610596,IN:G140C
610596,IN:G140S
610596,IN:Y143C
610596,IN:Y143H
610596,IN:Y143R
610596,IN:Y143S
610596,IN:S147G
610596,IN:Q148H
610596,IN:Q148K
610596,IN:Q148R
610596,IN:N155H
610605,IN:G118R
610605,IN:F121Y
610610,RT:K219E
610610,RT:K219N
610610,RT:K219Q
610610,RT:K219R
610610,RT:P225H
610611,IN:E92G
610611,IN:E92Q
610611,IN:G118R
610611,IN:F121Y
610632,IN:Y143C
610632,IN:Y143H
610632,IN:Y143R
610632,IN:Y143S
610632,IN:S147G
610632,IN:Q148H
610632,IN:Q148K
610632,IN:Q148R
610635,IN:E138A
610635,IN:E138K
610635,IN:E138T
610663,RT:V179F
610663,RT:T215I
610663,RT:T215S
610664,IN:T66A
610664,IN:T66I
610664,IN:T66K
610664,IN:G140A
610664,IN:G140C
610664,IN:G140S
610664,IN:Y143C
610664,IN:Y143H
610664,IN:Y143R
610664,IN:Y143S
610664,IN:S147G
610664,IN:Q148H
610664,IN:Q148K
610664,IN:Q148R
610664,IN:S230R
610670,IN:E138A
610670,IN:E138K
610670,IN:E138T
610670,IN:G140A
610670,IN:G140C
610670,IN:G140S
610670,IN:Y143C
610670,IN:Y143H
610670,IN:Y143R
610670,IN:Y143S
610670,IN:S147G
610670,IN:Q148H
610670,IN:Q148K
610670,IN:Q148R
610670,IN:S230R
610687,RT:K65R
610687,RT:D67E
610687,RT:D67G
610687,RT:D67N
610687,RT:T69D
610687,RT:K70E
610687,RT:K70R
610687,RT:L74I
610687,RT:L74V
610687,RT:V75A
610687,RT:V75M
610687,RT:V75S
610687,RT:V75T
610687,RT:F77L
610687,RT:V179F
610688,IN:E92Q
610688,IN:R263K
610705,RT:K103N
610705,RT:K103S
610705,RT:V106A
610705,RT:V106M
610705,RT:V179F
610705,RT:Y181C
610705,RT:Y181I
610705,RT:Y181V
610705,RT:M184I
610705,RT:M184V
610705,RT:Y188C
610705,RT:Y188H
610705,RT:Y188L
610705,RT:G190A
610705,RT:G190E
610705,RT:G190S
610706,IN:G118R
610706,IN:F121Y
610706,IN:S230R
610732,RT:T215I
610732,RT:T215V
610733,IN:E92G
610733,IN:E92Q
610733,IN:G118R
610733,IN:F121Y
610733,IN:N155H
610733,IN:S230R
610742,IN:N155H
610742,IN:S230R
610784,IN:E92G
610784,IN:E92Q
610784,IN:E138A
610784,IN:E138K
610784,IN:E138T
610784,IN:G140A
610784,IN:G140C
610784,IN:G140S
610784,IN:Y143C
610784,IN:Y143H
610784,IN:Y143R
610784,IN:Y143S
610784,IN:S147G
610784,IN:Q148H
610784,IN:Q148K
610784,IN:Q148R
610784,IN:N155H
610784,IN:S230R
610814,IN:G118R
610814,IN:F121Y
610814,IN:E138A
610814,IN:E138K
610814,IN:E138T
610814,IN:G140A
610814,IN:G140C
610814,IN:G140S
610814,IN:Y143C
610814,IN:Y143H
610814,IN:Y143R
610814,IN:Y143S
610814,IN:S147G
610814,IN:Q148H
610814,IN:Q148K
610814,IN:Q148R
610814,IN:N155H
610838,IN:G118R
610865,IN:G118R
610865,IN:F121Y
610865,IN:E138A
610865,IN:E138K
610865,IN:E138T
610865,IN:G140A
610865,IN:G140C
610865,IN:G140S
610865,IN:Y143C
610865,IN:Y143H
610865,IN:Y143R
610865,IN:Y143S
610865,IN:S147G
610865,IN:Q148H
610865,IN:Q148K
610865,IN:Q148R
610865,IN:N155H
610900,IN:E92G
610900,IN:E92Q
610900,IN:G118R
610900,IN:F121Y
610900,IN:E138A
610900,IN:E138K
610900,IN:E138T
610900,IN:G140A
610900,IN:G140C
610900,IN:G140S
610900,IN:Y143C
610900,IN:Y143H
610900,IN:Y143R
610900,IN:Y143S
610900,IN:S147G
610900,IN:Q148H
610900,IN:Q148K
610900,IN:Q148R
610900,IN:N155H
610900,IN:S230R
610903,IN:E138A
610903,IN:E138K
610903,IN:E138T
610903,IN:G140A
610903,IN:G140C
610903,IN:G140S
610912,IN:F121Y
610961,RT:Y188C
610961,RT:Y188H
610961,RT:Y188L
610961,RT:G190A
610961,RT:G190E
610961,RT:G190S
610992,IN:S230R
611022,IN:F121Y
