isolate_id,position,amino_acid
232772,12,S
232772,15,V
232772,19,I
232772,36,I
232772,41,K
232772,60,E
232772,63,V
232772,69,K
232772,74,A
232772,89,M
232772,93,L
232773,6,D
232773,8,I
232773,28,D
232773,35,T
232773,36,A
232773,39,E
232773,60,I
232773,135,T
232773,200,I
232773,207,D
232773,211,K
232773,245,Q
232773,251,N
232773,272,P
232773,276,T
232773,277,R
232773,286,A
232773,293,V
232774,13,V
232774,15,V
232774,19,V
232774,36,I
232774,41,K
232774,60,E
232774,63,P
232774,69,K
232774,89,M
232774,93,L
232775,6,D
232775,35,T
232775,36,A
232775,48,T
232775,53,D
232775,60,I
232775,62,V
232775,69,N
232775,162,C
232775,174,E
232775,207,E
232775,245,Q
232775,272,P
232775,281,R
232775,286,A
232775,292,I
232775,293,V
232776,15,V
232776,19,I
232776,36,L
232776,37,D
232776,60,E
232776,63,S
232776,64,L
232776,69,K
232776,89,M
232776,93,L
232777,35,T
232777,36,A
232777,39,D
232777,48,T
232777,53,D
232777,60,I
232777,90,I
232777,135,V
232777,178,V
232777,207,E
232777,211,K
232777,245,Q
232777,272,P
232777,277,R
232777,291,D
232777,292,I
232777,293,V
232778,12,S
232778,19,I
232778,36,I
232778,41,K
232778,60,E
232778,63,P
232778,69,K
232778,89,M
232778,93,L
232779,35,T
232779,48,T
232779,53,D
232779,60,I
232779,207,E
232779,211,K
232779,245,Q
232779,248,Q
232779,272,P
232779,277,R
232779,291,D
232779,292,I
232779,293,V
232780,12,S
232780,15,V
232780,19,I
232780,36,V
232780,41,K
232780,60,E
232780,63,P
232780,69,K
232780,89,M
232780,93,L
232781,35,T
232781,36,A
232781,39,D
232781,48,T
232781,53,D
232781,60,I
232781,69,S
232781,135,V
232781,207,E
232781,211,K
232781,245,Q
232781,272,P
232781,277,R
232781,291,D
232781,292,I
232781,293,V
232782,12,S
232782,15,V
232782,19,T
232782,36,I
232782,41,K
232782,60,E
232782,63,P
232782,69,K
232782,89,M
232782,93,L
232783,20,R
232783,28,K
232783,32,E
232783,35,T
232783,36,A
232783,39,D
232783,48,T
232783,53,D
232783,60,I
232783,69,S
232783,135,V
232783,162,C
232783,178,L
232783,207,E
232783,245,Q
232783,272,P
232783,277,R
232783,291,D
232783,292,I
232783,293,V
232784,39,Q
232784,41,K
232784,60,E
232784,63,P
232784,72,V
232784,93,L
232785,35,T
232785,36,A
232785,39,E
232785,48,T
232785,60,I
232785,121,Y
232785,122,E
232785,177,E
232785,178,M
232785,200,A
232785,207,E
232785,211,K
232785,245,Q
232785,272,P
232785,277,R
232785,278,K
232785,286,A
232785,291,D
232785,292,I
232785,293,V
232786,12,S
232786,15,V
232786,19,T
232786,36,V
232786,41,K
232786,60,E
232786,63,P
232786,69,K
232786,89,M
232786,93,L
232787,35,T
232787,36,A
232787,39,D
232787,48,T
232787,53,D
232787,60,I
232787,135,V
232787,162,C
232787,179,D
232787,207,E
232787,211,K
232787,245,Q
232787,272,P
232787,277,R
232787,291,D
232787,292,I
232787,293,V
232788,12,S
232788,15,V
232788,19,I
232788,36,I
232788,41,K
232788,60,E
232788,61,E
232788,63,P
232788,69,K
232788,89,M
232788,93,L
232789,35,T
232789,36,A
232789,39,D
232789,48,T
232789,53,D
232789,60,I
232789,69,S
232789,162,C
232789,200,A
232789,202,V
232789,245,Q
232789,272,P
232789,277,R
232789,286,A
232789,288,T
232789,292,I
232789,293,V
232790,12,S
232790,15,V
232790,19,I
232790,36,V
232790,41,K
232790,60,E
232790,63,P
232790,69,K
232790,93,L
232791,8,I
232791,35,K
232791,36,A
232791,39,D
232791,48,T
232791,60,I
232791,123,E
232791,135,V
232791,162,C
232791,245,Q
232791,272,P
232791,277,R
232791,286,A
232791,291,D
232791,292,I
232791,293,V
232792,15,V
232792,19,I
232792,36,I
232792,41,K
232792,60,E
232792,63,A
232792,69,K
232792,89,M
232792,93,L
232793,8,I
232793,35,T
232793,36,A
232793,39,D
232793,48,T
232793,53,D
232793,60,I
232793,135,V
232793,162,C
232793,177,E
232793,179,D
232793,200,I
232793,207,E
232793,211,K
232793,272,P
232793,286,A
232793,288,G
232793,291,D
232793,292,I
232793,293,V
232794,35,D
232794,39,S
232794,41,K
232794,60,E
232794,62,V
232794,63,P
232794,71,V
232794,93,L
232795,35,T
232795,39,D
232795,48,T
232795,60,I
232795,122,E
232795,135,T
232795,245,Q
232795,272,P
232795,276,T
232795,277,R
232795,292,I
232795,293,V
232796,10,F
232796,18,L
232796,35,D
232796,41,K
232796,60,E
232796,63,P
232796,93,L
232797,28,K
232797,32,E
232797,35,T
232797,36,A
232797,39,D
232797,48,T
232797,60,I
232797,121,Y
232797,122,E
232797,135,T
232797,197,K
232797,245,Q
232797,248,V
232797,249,Q
232797,272,P
232797,277,R
232797,286,A
232797,291,D
232797,292,I
232797,293,V
232798,12,S
232798,15,V
232798,19,I
232798,36,I
232798,41,K
232798,60,E
232798,63,P
232798,69,K
232798,89,M
232798,93,L
232799,35,T
232799,36,A
232799,39,E
232799,48,T
232799,53,D
232799,60,I
232799,102,Q
232799,122,E
232799,135,V
232799,162,C
232799,207,E
232799,211,K
232799,245,Q
232799,272,P
232799,291,D
232799,292,I
232799,293,V
232800,12,S
232800,15,V
232800,19,T
232800,36,I
232800,41,K
232800,60,E
232800,63,P
232800,69,K
232800,70,R
232800,93,L
232801,35,T
232801,36,A
232801,39,D
232801,48,T
232801,53,D
232801,60,I
232801,69,S
232801,135,V
232801,162,C
232801,174,H
232801,200,A
232801,207,E
232801,211,K
232801,245,Q
232801,272,P
232801,277,R
232801,292,I
232801,293,V
232802,35,D
232802,36,I
232802,41,K
232802,60,E
232802,63,P
232802,69,K
232802,70,R
232802,89,M
232802,93,L
232803,6,N
232803,8,I
232803,11,T
232803,21,I
232803,35,T
232803,39,K
232803,43,E
232803,60,I
232803,106,I
232803,122,E
232803,123,S
232803,173,I
232803,174,K
232803,177,E
232803,178,M
232803,207,A
232803,211,S
232803,245,E
232803,277,R
232803,283,I
232803,286,A
232803,291,D
232803,292,I
232803,293,V
232804,12,S
232804,15,V
232804,19,I
232804,36,V
232804,41,K
232804,60,E
232804,63,P
232804,69,K
232804,93,L
232805,35,T
232805,36,A
232805,39,D
232805,48,T
232805,53,D
232805,60,I
232805,69,S
232805,123,E
232805,135,V
232805,162,C
232805,207,G
232805,211,K
232805,245,Q
232805,272,P
232805,277,R
232805,291,D
232805,292,I
232805,293,V
232806,12,E
232806,15,V
232806,35,D
232806,41,K
232806,60,E
232806,63,P
232806,93,L
232807,35,T
232807,36,A
232807,39,D
232807,48,T
232807,60,I
232807,121,H
232807,122,E
232807,135,T
232807,166,R
232807,207,H
232807,211,K
232807,245,Q
232807,248,D
232807,272,P
232807,277,R
232807,287,R
232807,292,I
232807,293,V
232808,12,S
232808,15,V
232808,19,I
232808,36,L
232808,37,S
232808,60,E
232808,63,P
232808,69,K
232808,89,M
232808,93,L
232809,20,R
232809,35,T
232809,36,A
232809,48,T
232809,53,D
232809,60,I
232809,69,S
232809,135,V
232809,162,C
232809,178,L
232809,207,E
232809,245,Q
232809,272,P
232809,277,R
232809,291,D
232809,292,I
232809,293,V
232810,14,R
232810,41,K
232810,60,E
232810,63,P
232810,93,L
232811,8,I
232811,20,R
232811,35,T
232811,39,E
232811,48,T
232811,60,I
232811,122,E
232811,135,T
232811,174,R
232811,200,A
232811,244,V
232811,245,Q
232811,272,P
232811,286,V
232811,292,I
232811,293,V
232812,12,S
232812,15,V
232812,19,I
232812,36,I
232812,37,D
232812,41,K
232812,45,R
232812,60,E
232812,63,S
232812,69,K
232812,93,L
232813,6,A
232813,35,T
232813,36,A
232813,39,E
232813,48,T
232813,53,D
232813,60,I
232813,135,V
232813,162,C
232813,245,Q
232813,272,P
232813,277,R
232813,286,A
232813,292,I
232813,293,V
232814,13,V
232814,36,I
232814,41,K
232814,69,K
232814,89,M
232815,6,D
232815,11,T
232815,35,T
232815,39,D
232815,122,E
232815,123,N
232815,162,C
232815,173,R
232815,174,E
232815,200,A
232815,207,N
232815,238,R
232815,245,E
232815,272,P
232815,281,R
232815,286,A
232815,291,D
232815,292,I
232815,293,V
232816,12,S
232816,15,V
232816,19,I
232816,36,I
232816,41,K
232816,60,E
232816,61,E
232816,63,P
232816,69,K
232816,89,M
232816,93,L
232817,35,T
232817,36,A
232817,39,D
232817,48,T
232817,53,D
232817,60,I
232817,69,S
232817,202,V
232817,207,E
232817,211,K
232817,245,Q
232817,250,N
232817,272,P
232817,277,R
232817,286,A
232817,288,T
232817,292,I
232817,293,V
232818,12,S
232818,15,V
232818,19,I
232818,36,I
232818,41,K
232818,60,E
232818,61,E
232818,63,P
232818,69,K
232818,93,L
232819,35,T
232819,36,A
232819,39,D
232819,48,T
232819,53,D
232819,60,I
232819,62,V
232819,69,N
232819,135,V
232819,162,C
232819,207,E
232819,211,K
232819,238,R
232819,245,Q
232819,272,P
232819,291,D
232819,292,I
232819,293,V
232819,297,A
232820,10,I
232820,13,V
232820,16,E
232820,19,V
232820,35,D
232820,36,I
232820,39,S
232820,41,K
232820,69,K
232820,70,R
232820,89,M
232821,6,D
232821,11,T
232821,35,I
232821,39,N
232821,122,E
232821,123,S
232821,135,T
232821,162,C
232821,173,I
232821,174,K
232821,177,E
232821,179,I
232821,200,A
232821,207,S
232821,211,S
232821,238,R
232821,245,E
232821,272,G
232821,277,R
232821,286,A
232821,291,D
232821,292,I
232821,293,V
232822,16,A
232822,35,D
232822,36,I
232822,41,K
232822,63,P
232822,69,K
232822,89,M
232822,93,L
232823,6,D
232823,11,T
232823,35,T
232823,39,K
232823,122,E
232823,123,S
232823,162,C
232823,173,I
232823,174,K
232823,177,E
232823,178,M
232823,195,V
232823,201,R
232823,207,N
232823,211,S
232823,238,R
232823,245,E
232823,272,P
232823,291,D
232823,292,I
232823,293,V
232824,41,K
232824,60,E
232824,63,P
232824,72,V
232824,93,L
232825,8,I
232825,35,T
232825,36,A
232825,39,D
232825,48,T
232825,53,D
232825,60,I
232825,121,H
232825,122,E
232825,166,R
232825,245,Q
232825,272,P
232825,277,R
232825,286,A
232825,291,D
232825,292,I
232825,293,V
232826,12,S
232826,15,V
232826,19,I
232826,36,I
232826,41,K
232826,43,R
232826,57,K
232826,60,E
232826,63,P
232826,64,L
232826,69,K
232826,89,M
232826,93,L
232827,35,T
232827,36,A
232827,39,D
232827,48,T
232827,53,D
232827,60,I
232827,101,R
232827,135,V
232827,162,C
232827,179,I
232827,207,E
232827,211,K
232827,245,Q
232827,272,P
232827,277,R
232827,286,A
232827,291,D
232827,292,I
232827,293,V
232828,12,S
232828,15,V
232828,19,I
232828,36,V
232828,41,K
232828,60,E
232828,63,P
232828,69,K
232828,89,M
232828,93,L
232829,35,T
232829,36,A
232829,39,D
232829,48,E
232829,53,D
232829,60,I
232829,69,S
232829,135,V
232829,174,H
232829,177,E
232829,202,V
232829,207,E
232829,211,K
232829,245,Q
232829,272,P
232829,275,R
232829,277,R
232829,291,D
232829,292,I
232830,36,I
232830,41,K
232830,63,T
232830,69,K
232830,89,M
232830,93,L
232831,6,D
232831,11,R
232831,35,T
232831,69,S
232831,122,E
232831,123,S
232831,162,C
232831,173,V
232831,174,K
232831,177,E
232831,207,N
232831,211,S
232831,238,R
232831,245,E
232831,272,P
232831,286,A
232831,292,I
232831,293,V
232832,12,S
232832,13,V
232832,15,V
232832,19,I
232832,36,I
232832,41,K
232832,60,E
232832,63,P
232832,69,K
232832,89,M
232832,93,L
232833,35,T
232833,39,K
232833,48,T
232833,53,D
232833,60,I
232833,123,E
232833,135,V
232833,178,L
232833,207,E
232833,211,K
232833,245,Q
232833,272,P
232833,275,R
232833,277,R
232833,286,A
232833,291,D
232833,292,I
232833,293,V
232834,12,S
232834,13,V
232834,15,V
232834,19,I
232834,41,K
232834,60,E
232834,63,P
232834,77,I
232834,93,L
232835,35,T
232835,36,A
232835,39,D
232835,45,E
232835,48,T
232835,60,I
232835,90,I
232835,207,E
232835,211,K
232835,241,I
232835,245,Q
232835,272,P
232835,277,R
232835,286,A
232835,291,D
232835,292,I
232835,293,V
232836,19,S
232836,35,D
232836,39,S
232836,41,K
232836,60,E
232836,63,P
232836,71,V
232836,93,L
232837,32,R
232837,35,T
232837,36,A
232837,39,D
232837,48,T
232837,60,I
232837,121,Y
232837,122,E
232837,165,I
232837,245,M
232837,272,P
232837,277,R
232837,286,A
232837,292,I
232837,293,V
232838,12,S
232838,15,V
232838,19,I
232838,36,V
232838,37,D
232838,41,K
232838,60,E
232838,63,P
232838,69,K
232838,89,M
232838,93,L
232839,35,T
232839,36,A
232839,39,D
232839,48,T
232839,53,D
232839,60,I
232839,62,V
232839,69,N
232839,162,C
232839,174,H
232839,202,V
232839,207,E
232839,245,Q
232839,272,P
232839,277,R
232839,284,K
232839,291,D
232839,292,I
232839,293,V
232840,14,R
232840,35,D
232840,36,I
232840,41,K
232840,57,K
232840,69,K
232840,89,M
232841,6,D
232841,11,T
232841,35,T
232841,39,K
232841,43,E
232841,121,H
232841,122,E
232841,123,S
232841,135,V
232841,162,C
232841,173,S
232841,174,K
232841,177,E
232841,203,D
232841,207,A
232841,211,S
232841,238,R
232841,244,V
232841,245,E
232841,291,D
232841,292,I
232841,293,V
232842,12,A
232842,35,D
232842,41,K
232842,60,E
232842,63,P
232842,93,L
232843,20,R
232843,35,M
232843,36,A
232843,39,D
232843,48,T
232843,60,I
232843,101,R
232843,121,Y
232843,122,E
232843,245,Q
232843,272,P
232843,277,R
232843,286,A
232843,291,D
232843,292,I
232843,293,V
232844,13,V
232844,15,V
232844,19,I
232844,36,I
232844,41,K
232844,60,E
232844,63,P
232844,69,K
232844,89,M
232844,93,L
232845,35,T
232845,36,A
232845,39,D
232845,48,E
232845,53,D
232845,60,I
232845,69,S
232845,135,V
232845,162,C
232845,202,V
232845,207,E
232845,211,K
232845,245,Q
232845,272,P
232845,277,R
232845,286,V
232845,292,I
232845,293,V
232846,5,R
232846,13,V
232846,16,E
232846,35,D
232846,36,I
232846,41,K
232846,69,K
232846,89,M
232847,6,D
232847,11,T
232847,35,T
232847,39,N
232847,122,E
232847,123,S
232847,162,C
232847,173,I
232847,174,K
232847,177,E
232847,207,G
232847,210,F
232847,211,S
232847,238,R
232847,245,E
232847,286,A
232847,291,D
232847,292,I
232847,293,V
232848,12,S
232848,15,V
232848,19,I
232848,36,V
232848,41,K
232848,60,E
232848,63,P
232848,69,K
232848,89,M
232848,93,L
232849,35,T
232849,48,T
232849,53,D
232849,60,I
232849,69,S
232849,122,E
232849,162,C
232849,169,D
232849,174,S
232849,202,V
232849,207,A
232849,211,K
232849,245,Q
232849,272,P
232849,277,R
232849,292,I
232849,293,V
232850,12,S
232850,15,V
232850,19,I
232850,36,V
232850,37,D
232850,41,K
232850,60,E
232850,63,P
232850,69,K
232850,70,R
232850,89,M
232850,93,L
232851,35,T
232851,36,A
232851,39,D
232851,48,T
232851,60,I
232851,102,R
232851,123,E
232851,135,V
232851,162,C
232851,179,D
232851,207,E
232851,211,K
232851,245,Q
232851,272,P
232851,286,A
232851,292,I
232852,12,S
232852,15,V
232852,19,I
232852,36,V
232852,37,D
232852,41,K
232852,60,E
232852,63,P
232852,69,K
232852,89,M
232852,93,L
232853,35,T
232853,36,A
232853,39,D
232853,48,T
232853,53,D
232853,60,I
232853,62,V
232853,69,N
232853,162,C
232853,174,H
232853,200,A
232853,202,V
232853,207,E
232853,211,K
232853,245,Q
232853,248,Q
232853,272,P
232853,277,R
232853,291,D
232853,292,I
232853,293,V
