isolate_id,position,amino_acid,is_mixture
373603,14,R,0
373603,15,V,0
373603,16,E,0
373603,20,R,0
373603,36,I,0
373603,41,K,0
373603,69,K,0
373603,72,T,0
373603,89,M,0
373603,93,L,0
373604,35,T,0
373604,39,E,0
373604,48,T,0
373604,123,E,0
373604,158,S,0
373604,173,A,0
373604,174,K,0
373604,177,E,0
373604,200,A,0
373604,207,E,0
373604,211,K,0
373604,245,M,0
373604,272,P,0
373604,277,R,0
373604,286,A,0
373604,291,D,0
373604,292,I,0
373604,293,V,0
373604,329,A,0
373604,330,E,0
373604,331,D,0
373604,332,S,0
373604,334,N,0
373604,335,D,0
373604,356,K,0
373604,359,T,0
373604,377,Q,0
373604,379,C,0
373604,380,V,0
373604,400,T,0
373604,404,D,0
373604,432,D,0
373604,435,M,0
373604,447,S,1
373604,452,I,1
373604,459,S,1
373604,466,I,0
373604,471,E,0
373604,483,Q,0
373604,491,P,0
373604,516,G,1
373604,519,N,0
373605,7,R,0
373605,14,R,0
373605,31,I,0
373605,101,I,0
373605,112,I,0
373605,124,G,0
373605,125,A,0
373605,136,Q,0
373605,152,K,0
373605,157,Q,0
373605,160,Q,0
373605,167,E,0
373605,201,I,0
373605,206,S,0
373605,215,N,0
373605,218,I,0
373605,234,I,0
373605,256,E,0
373605,269,K,0
373605,278,A,0
373605,283,G,0
373606,10,V,0
373606,15,V,0
373606,20,R,0
373606,35,D,0
373606,36,I,0
373606,41,K,0
373606,45,R,0
373606,57,K,0
373606,60,E,0
373606,62,V,0
373606,63,T,0
373606,69,Q,0
373606,70,N,0
373606,72,T,0
373606,89,M,0
373607,35,T,0
373607,162,C,0
373607,173,I,0
373607,174,K,0
373607,179,D,0
373607,207,E,0
373607,211,K,0
373607,243,T,0
373607,245,Q,0
373607,248,D,0
373607,272,P,0
373607,286,A,0
373607,291,D,0
373607,292,I,0
373607,293,V,0
373607,297,V,0
373607,346,H,0
373607,359,S,0
373607,375,V,0
373607,386,I,0
373607,400,T,0
373607,431,T,0
373607,435,A,0
373607,452,K,0
373607,465,H,0
373607,466,I,0
373607,471,E,0
373607,477,A,0
373607,482,V,0
373607,483,Q,0
373607,502,V,0
373607,519,N,0
373607,527,Q,0
373607,530,R,0
373607,534,S,0
373607,554,S,0
373608,37,I,0
373608,72,V,0
373608,74,I,0
373608,112,L,0
373608,124,A,0
373608,125,A,0
373608,136,Q,0
373608,201,I,0
373608,205,S,0
373608,206,S,0
373608,234,V,0
373608,256,E,0
373608,283,G,0
373609,13,V,0
373609,16,E,0
373609,35,D,0
373609,36,I,0
373609,41,K,0
373609,60,E,0
373609,62,V,0
373609,63,T,0
373609,69,K,0
373609,89,I,0
373610,4,T,0
373610,8,I,0
373610,11,T,0
373610,35,T,0
373610,60,I,0
373610,68,G,0
373610,107,S,0
373610,121,H,0
373610,139,Q,0
373610,177,E,0
373610,178,M,0
373610,200,A,0
373610,207,N,0
373610,211,K,0
373610,244,V,0
373610,245,K,0
373610,277,R,0
373610,286,A,0
373610,291,D,0
373610,292,I,0
373610,293,V,0
373610,297,K,0
373610,334,E,0
373610,359,T,0
373610,375,V,0
373610,386,I,0
373610,390,R,0
373610,400,T,0
373610,421,H,0
373610,431,T,0
373610,435,A,0
373610,440,Y,0
373610,466,I,0
373610,471,E,0
373610,483,Y,0
373610,491,P,0
373610,492,A,0
373610,519,N,0
373610,524,E,0
373610,534,S,0
373610,554,S,0
373611,11,Q,0
373611,14,R,0
373611,97,A,0
373611,101,I,0
373611,112,V,0
373611,124,A,0
373611,125,A,0
373611,134,D,0
373611,136,Q,0
373611,173,R,0
373611,201,I,0
373611,218,L,0
373611,219,N,0
373611,222,K,0
373611,234,I,0
373611,256,E,0
373611,283,G,0
373612,41,K,0
373612,70,R,0
373613,35,T,0
373613,39,A,0
373613,43,Q,0
373613,48,T,0
373613,60,I,0
373613,118,I,0
373613,122,E,0
373613,177,E,0
373613,178,L,0
373613,179,T,0
373613,207,E,0
373613,214,L,0
373613,243,T,0
373613,245,K,0
373613,250,E,0
373613,272,P,0
373613,286,A,0
373613,292,I,0
373613,293,V,0
373613,334,Y,0
373613,346,L,0
373613,350,R,0
373613,376,S,0
373613,377,Q,0
373613,390,R,0
373613,432,D,0
373613,483,N,0
373613,517,I,0
373613,554,N,0
373614,72,V,0
373614,112,V,0
373614,113,V,0
373614,124,A,0
373614,125,A,0
373614,167,E,0
373614,201,I,0
373614,218,I,0
373614,234,I,0
373614,265,V,0
373615,84,L,0
373615,101,I,0
373615,112,V,0
373615,119,P,0
373615,124,A,0
373615,125,A,0
373615,136,Q,0
373615,201,I,0
373615,207,N,0
373615,211,T,0
373615,221,N,0
373615,234,I,0
373615,256,E,0
373616,31,I,0
373616,50,I,0
373616,74,I,0
373616,97,A,0
373616,101,I,0
373616,112,V,0
373616,113,L,0
373616,124,G,0
373616,125,A,0
373616,134,D,0
373616,206,S,0
373616,218,S,0
373616,234,I,0
373616,283,G,0
373617,13,V,0
373617,16,E,0
373617,20,R,0
373617,36,I,0
373617,37,S,0
373617,39,S,0
373617,41,K,0
373617,60,E,0
373617,62,V,0
373617,63,S,0
373617,64,M,0
373617,69,K,0
373617,89,I,0
373618,35,T,0
373618,60,I,0
373618,107,S,0
373618,122,E,0
373618,142,V,0
373618,177,E,0
373618,200,A,0
373618,207,A,0
373618,211,G,0
373618,243,A,0
373618,244,V,0
373618,245,K,0
373618,272,P,0
373618,277,R,0
373618,291,D,0
373618,292,I,0
373618,293,V,0
373618,297,K,0
373618,335,D,0
373618,357,V,0
373618,359,T,0
373618,375,V,0
373618,386,I,0
373618,390,R,0
373618,400,T,0
373618,417,I,0
373618,421,H,0
373618,431,T,0
373618,435,A,0
373618,440,Y,0
373618,452,M,0
373618,463,K,0
373618,466,I,0
373618,471,E,0
373618,476,R,0
373618,483,Y,0
373618,519,N,0
373618,524,E,0
373618,530,R,0
373618,534,S,0
373618,548,I,0
373618,554,S,0
373619,14,R,0
373619,17,C,0
373619,31,I,0
373619,72,V,0
373619,101,I,0
373619,112,M,0
373619,124,A,0
373619,125,V,0
373619,136,Q,0
373619,173,R,0
373619,201,I,0
373619,218,S,0
373619,219,N,0
373619,222,K,0
373619,234,V,0
373619,256,E,0
373619,268,L,0
373619,283,G,0
373620,17,N,0
373620,31,I,0
373620,72,V,0
373620,111,R,0
373620,112,V,0
373620,113,V,0
373620,124,A,0
373620,125,A,0
373620,134,N,0
373620,136,H,0
373620,201,I,0
373620,218,S,1
373620,220,L,0
373620,234,I,0
373620,283,G,0
373621,72,V,0
373621,112,V,0
373621,119,G,0
373621,122,I,0
373621,124,A,0
373621,125,A,0
373621,134,D,1
373621,201,I,0
373621,220,L,0
373621,221,T,0
373621,234,I,0
373622,10,V,0
373622,14,R,0
373622,15,V,0
373622,19,I,0
373622,35,D,0
373622,36,I,0
373622,37,D,0
373622,41,K,0
373622,69,K,0
373622,89,M,0
373623,35,T,0
373623,60,I,0
373623,106,I,0
373623,122,E,0
373623,162,C,0
373623,173,A,0
373623,174,K,0
373623,177,E,0
373623,178,L,0
373623,207,E,0
373623,211,K,0
373623,245,K,0
373623,272,P,0
373623,278,H,0
373623,281,R,0
373623,286,A,0
373623,291,A,0
373623,292,I,0
373623,293,V,0
373623,329,R,0
373623,339,F,0
373623,346,Y,0
373623,357,T,0
373623,359,S,0
373623,366,R,0
373623,376,S,0
373623,377,Q,0
373623,390,R,0
373623,400,T,0
373623,431,T,0
373623,435,A,0
373623,467,I,0
373623,468,T,0
373623,471,E,0
373623,483,Q,0
373623,491,S,0
373623,517,I,0
373623,519,N,0
373623,520,K,0
373623,524,E,0
373623,529,D,0
373623,531,I,0
373623,534,S,0
373623,554,S,0
373624,14,R,0
373624,72,V,0
373624,101,I,0
373624,112,V,0
373624,124,A,0
373624,125,A,0
373624,134,D,0
373624,135,V,0
373624,167,E,0
373624,188,R,0
373624,201,I,0
373624,208,L,0
373624,234,I,0
373624,269,K,0
373625,10,I,0
373625,12,K,0
373625,13,V,0
373625,14,R,0
373625,16,E,0
373625,20,I,0
373625,35,D,0
373625,36,I,0
373625,41,K,0
373625,69,K,0
373625,89,M,0
373626,8,I,0
373626,35,T,0
373626,60,I,0
373626,121,H,0
373626,122,E,0
373626,135,V,0
373626,173,A,0
373626,176,Q,0
373626,200,A,0
373626,207,A,0
373626,211,K,0
373626,245,Q,0
373626,276,I,0
373626,283,I,0
373626,293,V,0
373626,294,T,0
373626,295,M,0
373626,297,K,0
373626,335,D,0
373626,356,K,0
373626,357,K,0
373626,359,S,0
373626,366,R,0
373626,369,V,0
373626,371,V,0
373626,375,V,0
373626,376,S,0
373626,390,R,0
373626,403,M,0
373626,404,D,0
373626,432,D,0
373626,435,M,0
373626,437,V,0
373626,471,E,0
373626,480,H,0
373626,483,Y,0
373626,491,P,0
373626,495,V,0
373626,512,R,0
373626,514,D,0
373626,519,N,0
373626,524,K,0
373626,527,E,0
373626,534,S,0
373626,554,S,0
373627,14,R,0
373627,31,I,0
373627,72,V,0
373627,101,I,0
373627,106,A,0
373627,119,T,0
373627,124,A,0
373627,125,A,0
373627,134,D,0
373627,135,V,0
373627,167,E,0
373627,201,I,0
373627,206,S,0
373627,207,E,0
373627,234,I,0
373627,253,E,0
373627,255,N,0
373627,283,G,0
373627,284,G,0
373627,286,A,0
373628,13,V,0
373628,14,E,0
373628,16,E,0
373628,20,R,0
373628,36,I,0
373628,37,S,0
373628,39,S,0
373628,41,N,0
373628,60,E,0
373628,61,E,0
373628,62,V,0
373628,63,N,0
373628,69,K,0
373628,70,R,0
373628,89,I,0
373629,11,T,0
373629,20,R,0
373629,35,T,0
373629,39,N,0
373629,60,I,0
373629,121,H,0
373629,122,E,0
373629,123,S,0
373629,135,T,0
373629,152,V,0
373629,153,R,0
373629,158,P,0
373629,177,E,0
373629,200,A,0
373629,207,T,0
373629,211,K,0
373629,245,K,0
373629,272,S,0
373629,286,A,0
373629,291,D,0
373629,292,I,0
373629,293,V,0
373629,297,K,0
373629,311,R,0
373629,317,A,0
373629,335,D,0
373629,356,K,0
373629,359,S,0
373629,381,I,0
373629,386,I,0
373629,390,R,0
373629,400,T,0
373629,403,I,0
373629,413,D,0
373629,421,Y,0
373629,432,D,0
373629,435,E,0
373629,436,R,0
373629,439,S,0
373629,440,C,0
373629,452,M,0
373629,467,I,0
373629,471,E,0
373629,483,Y,0
373629,519,N,0
373629,524,E,0
373629,534,S,0
373629,554,S,0
373630,11,D,0
373630,14,R,0
373630,17,T,0
373630,31,I,0
373630,37,I,0
373630,45,Q,0
373630,72,V,0
373630,101,I,0
373630,112,V,0
373630,124,A,0
373630,125,A,0
373630,134,D,0
373630,136,Q,0
373630,167,E,0
373630,201,I,0
373630,205,S,0
373630,218,S,0
373630,221,H,0
373630,222,K,0
373630,234,I,0
373630,256,E,0
373631,10,V,0
373631,14,R,0
373631,15,V,0
373631,19,I,0
373631,35,D,0
373631,36,I,0
373631,37,D,0
373631,41,K,0
373631,69,K,0
373631,89,M,0
373631,93,L,0
373632,35,T,0
373632,60,I,0
373632,106,I,0
373632,162,Y,0
373632,173,A,0
373632,174,K,0
373632,177,E,0
373632,178,L,0
373632,207,E,0
373632,211,K,0
373632,245,K,0
373632,272,P,0
373632,278,H,0
373632,281,R,0
373632,286,A,0
373632,291,A,0
373632,292,I,0
373632,293,V,0
373632,329,A,0
373632,330,E,0
373632,331,D,0
373632,332,S,0
373632,334,N,0
373632,339,F,0
373632,346,Y,0
373632,357,T,0
373632,359,S,0
373632,366,R,0
373632,368,R,0
373632,376,S,0
373632,377,Q,0
373632,390,R,0
373632,400,T,0
373632,431,T,0
373632,435,A,0
373632,467,I,0
373632,468,T,0
373632,471,E,0
373632,483,Q,0
373632,491,S,0
373632,517,I,0
373632,519,N,0
373632,520,K,0
373632,524,E,0
373632,529,D,0
373632,531,I,0
373632,534,S,0
373632,554,S,0
373633,13,X,0
373633,15,S,0
373633,16,R,0
373633,17,R,0
373633,18,Q,0
373633,20,K,0
373633,21,X,0
373633,22,del,0
373633,23,del,0
373633,24,G,1
373633,72,V,0
373633,101,I,0
373633,112,V,0
373633,124,A,0
373633,125,A,0
373633,134,D,0
373633,135,V,0
373633,167,E,0
373633,200,E,0
373633,201,E,0
373633,203,X,0
373633,204,V,0
373633,207,G,0
373633,208,L,0
373633,211,R,0
373633,234,I,0
373633,244,E,0
373633,265,V,0
373634,15,V,0
373634,19,M,0
373634,20,R,0
373634,35,D,0
373634,36,I,0
373634,41,K,0
373634,63,T,0
373634,69,K,0
373634,82,I,0
373634,93,L,0
373635,35,T,0
373635,39,K,0
373635,48,T,0
373635,60,I,0
373635,122,E,0
373635,123,S,0
373635,158,S,0
373635,165,I,0
373635,173,T,0
373635,174,K,0
373635,177,E,0
373635,207,E,0
373635,211,K,0
373635,245,Q,0
373635,248,D,0
373635,250,E,0
373635,272,P,0
373635,291,D,0
373635,292,I,0
373635,293,V,0
373635,334,D,0
373635,335,A,0
373635,346,G,0
373635,356,K,0
373635,359,S,0
373635,377,M,0
373635,379,C,0
373635,390,R,0
373635,404,D,0
373635,432,D,0
373635,435,P,0
373635,451,R,0
373635,466,I,0
373635,468,P,0
373635,471,E,0
373635,477,A,0
373635,483,Q,0
373635,488,N,0
373635,491,S,0
373635,517,I,0
373635,519,N,0
373635,534,S,0
373635,554,S,0
373636,10,D,0
373636,14,R,0
373636,31,I,0
373636,74,I,0
373636,84,M,0
373636,101,I,0
373636,111,Q,0
373636,112,V,0
373636,124,A,0
373636,125,A,0
373636,136,Q,0
373636,193,E,0
373636,201,I,0
373636,234,I,0
373636,254,K,0
373636,255,G,0
373636,278,A,0
373636,283,G,0
373637,14,R,0
373637,15,V,0
373637,35,D,0
373637,36,I,0
373637,37,E,0
373637,41,K,0
373637,57,K,0
373637,60,E,0
373637,61,N,0
373637,67,E,0
373637,69,K,0
373637,93,L,0
373638,5,V,0
373638,35,T,0
373638,121,Y,0
373638,122,E,0
373638,142,T,0
373638,162,C,0
373638,171,Y,0
373638,173,T,0
373638,174,K,0
373638,177,E,0
373638,178,M,0
373638,196,E,0
373638,200,R,0
373638,207,D,0
373638,211,A,0
373638,245,Q,0
373638,250,E,0
373638,251,D,0
373638,272,P,0
373638,286,A,0
373638,291,D,0
373638,292,I,0
373638,293,V,0
373638,294,T,0
373638,297,A,0
373638,321,S,0
373638,322,T,0
373638,324,E,0
373638,329,V,0
373638,334,E,0
373638,335,D,0
373638,357,R,0
373638,359,T,0
373638,366,R,0
373638,369,A,0
373638,371,V,0
373638,376,S,0
373638,377,L,0
373638,386,I,0
373638,390,R,0
373638,400,T,0
373638,404,D,0
373638,435,M,0
373638,449,D,0
373638,452,I,0
373638,461,K,0
373638,468,T,0
373638,469,I,0
373638,470,N,0
373638,483,Y,0
373638,491,I,0
373638,524,E,0
373638,530,R,0
373638,534,S,0
373638,554,S,0
373639,14,R,0
373639,31,I,0
373639,72,V,0
373639,99,F,0
373639,101,I,0
373639,111,T,0
373639,112,V,0
373639,124,A,0
373639,125,A,0
373639,135,V,0
373639,173,R,0
373639,201,I,0
373639,234,I,0
373639,256,E,0
373639,281,M,0
373640,10,V,0
373640,14,R,0
373640,15,V,0
373640,20,R,0
373640,36,I,0
373640,41,K,0
373640,61,E,0
373640,62,V,0
373640,63,S,0
373640,64,M,0
373640,69,Q,0
373640,89,M,0
373640,93,L,0
373641,35,T,0
373641,60,I,0
373641,107,S,0
373641,122,P,0
373641,123,E,0
373641,162,C,0
373641,173,T,0
373641,174,K,0
373641,175,Y,0
373641,178,M,0
373641,201,R,0
373641,207,E,0
373641,245,Q,0
373641,248,D,0
373641,250,E,0
373641,272,P,0
373641,286,A,0
373641,291,D,0
373641,292,I,0
373641,293,V,0
373641,297,A,0
373641,310,I,0
373641,334,R,0
373641,335,D,0
373641,346,Y,0
373641,358,K,0
373641,359,S,0
373641,390,R,0
373641,400,T,0
373641,431,T,0
373641,432,D,0
373641,435,M,0
373641,447,H,0
373641,452,Q,0
373641,463,G,0
373641,471,E,0
373641,477,A,0
373641,483,N,0
373641,491,S,0
373641,516,D,0
373641,519,N,0
373641,527,Q,0
373641,529,D,0
373641,531,I,0
373641,534,S,0
373641,554,N,0
373642,17,N,0
373642,31,I,0
373642,101,V,0
373642,112,I,0
373642,124,N,0
373642,125,V,0
373642,136,R,0
373642,201,I,0
373642,219,N,0
373642,222,K,0
373642,234,I,0
373642,256,E,0
373642,283,G,0
373643,10,V,0
373643,13,V,0
373643,14,R,0
373643,15,V,0
373643,20,I,0
373643,35,D,0
373643,36,I,0
373643,37,T,0
373643,41,K,0
373643,69,K,0
373643,77,I,0
373643,89,M,0
373644,35,T,0
373644,49,R,0
373644,60,I,0
373644,90,I,0
373644,158,S,0
373644,173,T,0
373644,174,K,0
373644,177,E,0
373644,196,E,0
373644,207,G,0
373644,224,D,0
373644,245,Q,0
373644,248,D,0
373644,286,A,0
373644,291,D,0
373644,292,I,0
373644,293,V,0
373644,297,A,0
373644,329,L,0
373644,346,Y,0
373644,356,K,0
373644,359,S,0
373644,377,L,0
373644,385,R,0
373644,390,R,0
373644,395,R,0
373644,400,T,0
373644,431,T,0
373644,452,K,0
373644,458,I,0
373644,471,E,0
373644,491,S,0
373644,492,K,0
373644,516,D,1
373644,524,K,0
373644,527,Q,0
373644,529,D,0
373644,534,S,0
373644,554,N,0
373645,11,D,0
373645,14,R,0
373645,21,T,0
373645,31,I,0
373645,50,I,0
373645,84,M,0
373645,96,D,0
373645,101,I,0
373645,112,V,0
373645,119,R,0
373645,124,A,0
373645,125,A,0
373645,134,D,0
373645,167,E,0
373645,201,I,0
373645,234,I,0
373645,283,G,0
373646,11,D,0
373646,24,N,0
373646,25,E,0
373646,31,I,0
373646,50,I,0
373646,84,M,0
373646,101,I,0
373646,112,V,0
373646,124,N,0
373646,136,Q,0
373646,201,I,0
373646,206,S,0
373646,218,I,0
373646,234,I,0
373646,251,L,0
373646,265,V,0
373646,269,K,0
373646,278,A,0
373647,12,E,0
373647,13,V,0
373647,15,V,0
373647,19,K,0
373647,20,I,0
373647,35,D,0
373647,36,I,0
373647,41,K,0
373647,67,S,0
373647,69,K,0
373647,82,I,0
373647,89,M,0
373648,35,T,0
373648,39,N,0
373648,60,I,0
373648,98,S,0
373648,104,R,0
373648,121,H,0
373648,122,E,0
373648,135,V,0
373648,158,S,0
373648,173,A,0
373648,177,E,0
373648,200,A,0
373648,207,G,0
373648,211,K,0
373648,245,K,0
373648,281,R,0
373648,286,A,0
373648,291,D,0
373648,292,I,0
373648,293,V,0
373648,297,A,0
373648,335,D,0
373648,346,Y,0
373648,356,K,0
373648,357,R,0
373648,358,G,0
373648,359,S,0
373648,376,V,0
373648,386,M,0
373648,390,R,0
373648,400,T,0
373648,404,D,0
373648,432,D,0
373648,435,E,0
373648,437,V,0
373648,471,E,0
373648,480,H,0
373648,491,S,0
373648,517,I,0
373648,519,N,0
373648,534,S,0
373648,554,N,0
373649,11,D,0
373649,31,I,0
373649,91,T,0
373649,101,I,0
373649,112,V,0
373649,119,P,0
373649,122,I,0
373649,124,A,0
373649,125,A,0
373649,167,E,0
373649,201,I,0
373649,206,S,0
373649,234,I,0
373649,256,E,0
373649,283,G,0
373650,11,D,0
373650,14,R,0
373650,21,T,0
373650,31,I,0
373650,50,I,0
373650,72,V,0
373650,112,V,0
373650,124,A,0
373650,125,A,0
373650,134,S,0
373650,167,E,0
373650,188,R,0
373650,201,I,0
373650,216,H,0
373650,222,K,0
373650,234,I,0
373650,268,L,0
373650,269,K,0
